,,,
,,,
,,,
,,,
,,,
,,,
,,,
,           LISTA DE PRECIOS,,
Urquiza 1315 - Rivadavia 2581,,,
Pedidos a whatsapp 2284-638849,,,
Con tu compra mayor o igual a $ 20000 el envio a domicilio es gratis ,,,
,INDICE DE RUBROS,,
,,,
1,"ACEITES, VINAGRES Y SALSAS",,
2,AVENAS Y SOJAS,,
3,BEBIDAS,,
4,CEREALES Y GRANOLAS,,
5,COMPLEMENTOS DIETARIOS,,
6,CONGELADOS Y REFRIGERADOS,,
7,COSMETICA SALUDABLE,,
8,COTILLON,,
9,ENDULZANTES,,
10,ESPECIAS,,
11,FECULAS Y HARINAS,,
12,FIDEOS VARIOS,,
13,FRUTAS DESHIDRATADAS,,
14,FRUTOS SECOS,,
15,GALLETITAS,,
16,GALLETITAS SIN AZUCAR,,
17,"GALLETITAS, CEREALES Y PAN SIN TACC",,
18,GOLOSINAS SALUDABLES,,
19,HERBORISTERIA,,
20,INFUSIONES,,
21,LEGUMBRES,,
22,MERMELADAS Y DULCES,,
23,MIEL,,
24,PASTAS (APTAS PARA DIABETICOS),,
25,PASTAS SIN TACC,,
26,PASTAS Y MANTEQUILLAS DE MANI,,
27,PREMEZCLAS Y REBOZADORES SIN TACC,,
28,PRODUCTOS ARCOR,,
29,PRODUCTOS LA FRANCIA,,
30,PRODUCTOS VEGETARIANOS Y VEGANOS,,
31,REPOSTERIA,#REF!,
32,SALES,,
33,SEMILLAS,,
34,SNACKS,,
35,"SNACKS, GOLOSINAS Y CEREALES SIN TACC",,
36,TOSTADAS Y GRISINES,,
37,VARIOS,,
38,VARIOS SIN TACC,,
,,,
"1 - ACEITES, VINAGRES Y SALSAS",,$ por unidad,
,aceite de coco GB 125ml neutro,$5.500,
,aceite de coco GB 225ml neutro,$9.800,
,aceite de coco GB 500ml neutro,$12.000,
,aceite de coco GB 125ml virgen,$7.850,
,aceite de coco GB 225ml virgen,$17.400,
,aceite de coco GB 500ml virgen,$19.800,
,aceite de coco  graal neutro 360ml,$8.600,
,aceite de coco  graal 360ml virgen,$14.400,
,aceite de coco  graal 180mk neutro,$5.100,
,aceite de coco  graal  180ml virgen,$8.200,
,aceite de coco beepure,$9.500,
,aceite coco MK 100 ml,$7.600,
,aceite de coco virgen MK 200gr,$14.900,
,aceite de coco MK organico 360ml,$12.900,
,"Aceite de coco ""El Cosaco"" x 360 Cc",$7.500,
,aceite de coco doña Magdalena ,$9.900,
,entrenuts aceite de coco neutro 200cc,$6.900,
,entrenuts aceite de coco virgen 200cc,$9.900,
,entrenuts aceite de coco neutro 360cc,$7.900,
,entrenuts aceite de coco virgen 360cc,$14.900,
,entrenuts aceite de coco neutro 500cc,$9.900,
,entrenuts aceite de coco virgen 500cc,$19.900,
,entrenuts aceite de coco neutro 1lt,$18.900,
,entrenuts aceite de coco virgen 1lt,$37.900,
,entrenuts ghee,$12.900,
,entrenuts ghee 150gr,$8.500,
,kony aceite de coco 250cc,$8.900,
,Aceite de coco ts ,$6.600,
,Aceite de coco Green Leaf,$6.500,
,aceite coco liquido MCT,$22.900,
,mtc  250gr oh yeah ,$31.700,
,aceite de coco oh yeah 300cc,$9.800,
,aceite de coco oh yeah 250gr oh yeah,$12.900,
,aceite coco spray,$15.800,
,aceite de coco savona fit,$8.400,
,aceire coco good bless you neutro,$11.300,
,aceite coco good bless you mediano virgen,$19.800,
,aceite coco good bless you chico virgen,$10.850,
,aceite de  nutra sem,$11.400,
,Aceite de lino nutra sem ,$11.900,
,aceite de lino sol azteca,$7.900,
,aceite de lino bio nativa,$9.300,
,aceite de sesamo sol azteca,$5.800,
,aceite de girasol organico Pampa Organico,$9.900,
,Aceite de oliva extra virgen x 1/2  Liv,$12.500,
,Aceite de oliva extra virgen x litro  Liv,$22.500,
,Aceite de oliva Extra Organico materia prima x 500,$8.100,
,aceite de oliva el faro,$21.900,
,aceite de oliva dicomere orgánico ,$10.900,
,aceite de oliva liv oil plastico x500ml,$5.900,
,aceite de oliva liv oil vidrio x500ml,$7.900,
,aceite de oliva dellisola organico x500ml,$25.900,
,aceite de oliva dellisola extra medio,$17.500,
,aceite de oliva dellisola extra suave 250ml,$11.500,
,aceite de oliva dellisola extra suave 500ml,$20.900,
,Aceite de oliva Olivares,$8.900,
,aceite de oliva estilo oliva arbosano,$8.900,
,aceite de oliva estilo oliva blend,$9.900,
,aceite de oliva estilo oliva coratina,$10.900,
,aceite de oliva extra arauco 250 cc,$11.500,
,aceita oliva extea arauco 500 cc,$20.900,
,aceite oliva medio 250 cc,$17.500,
,aceite oliva medio 500 cc,$9.750,
,Aceite de oliva genovesa x 250,$12.300,
,aceite oliva zuelo x 250,$10.200,
,aceite oliva zuelo x 500,$17.800,
,Aceite de oliva- girasol 1/2 lt San Agustin,$3.000,
,Aceite de oliva- girasol 1 lt  san agustin,$5.600,
,Aceite de oliva- girasol 2 lt San Agustin,$9.900,
,Aceite de oliva-girasol san agustin 5 lts,$19.200,
,aceite de oliva sabor pampeano ,$18.900,
,aceite de oliva savona 500cc,$11.900,
,Aceite de sesamo nutra sem,$7.900,
,aceite de palta  graal 250ml,$26.900,
,aceite de palta y oliva  graal 250ml,$16.300,
,aceite de palta avocado,$16.900,
,aceitunas verdes rellenas con morron,$6.900,
,Aceto balsamico malbec,$2.130,
,Aceto balsamico reserva,$2.900,
,aceto balsamico FD 500cc,$7.900,
,aceto cremoso famiglia dellisola,$8.900,
,alcaraz dressing salsa cesar ,$8.900,
,alcaraz dressing salsa wasabi,$8.900,
,alcaraz dressing salsa barbacao,$8.900,
,alcaraz dressing mostaza en granos,$8.900,
,arytza mayonesa sabor ajo 360gr,$6.900,
,arytza mayonesa ahumada 360gr,$6.900,
,arytza mostaza tip alemana 360gr,$5.700,
,arytza mostaza a la antigua 360gr,$6.400,
,arytza mostaza dijon 360gr,$6.400,
,arytza mostaza clasica 360gr,$5.700,
,Arope del chañar x 500 Cc,$4.900,
,Aceto Reduccion 375 ml,$4.600,
,babaganush dellisola,$4.900,
,bio nativa aceite de chia,$16.900,
,bio nativa aceite de sesamo,$12.500,
,bio nativa aceite de palta avocado,$21.900,
,chimichurri con malbec pampa gourmet,$6.100,
,chimichurri tango style pampa gourmet,$6.300,
,famiglia dellisola mayo zanahoria ,$5.200,
,famiglia dellisola mayo vegana ajo,$5.600,
,famiglia dellisola mayo vegana merken,$5.200,
,famiglia dellisola pasta tomate seco,$8.900,
,famiglia dellisola pasta ajo ahumada,$4.800,
,Dieta Frit - girasol en aerosol,$4.250,
,ghee beepure,$14.900,
,ghee doña magdal,$12.500,
,hummus Dellisola,$5.900,
,heinz ketchup,$8.400,
,heinz mayonesa,$3.900,
,heinz mostaza ,$5.900,
,ketchup organico PG,$6.350,
,ketchup famiglia dell'isola,$5.600,
,savona fit manteca ghee,$13.900,
,mush aceite oliva aerosol ,$7.900,
,mayonesa vegana dellisola ajo y albahaca ,$5.200,
,Jugo de limon enrico baronese,$2.100,
,salsa de ajo RE,3650,
,salsa caesar pampa gourmet ,7200,
,rocio vegetal menoyo,$4.800,
,Salsa de soja 1/2 lt Enrico baronese,$2.400,
,salsa de soja bitarwan,$5.000,
,Salsa de soja Sakanashi  amarilla por 400 cc,$6.300,
,Salsa de soja Sakanashi roja por 400 cc,$7.300,
,Salsa de soja Sakanashi por 1 lt,$8.500,
,salsa de soya sauce,$4.000,
,Salsa de soja receta de entonces,$4.800,
,salsa de soja organica,$6.750,
,salsa de soja sin  sodio,$3.900,
,salsa de soja bajo sodio bitarwan,$5.300,
,salsa inglesa,$4.400,
,salsa tipo teriyaki  pampa gourmet,$7.500,
,salsa teriyaki hashi,$5.500,
,san giorgio aceto con humo liquido,$8.900,
,san giorgio humo liquido ,$6.300,
,san giorgio humo solido,$6.900,
,sriracha sauce,$6.500,
,"pampagourmet frutos rojos, malbec y miel",$10.500,
,pampa gourmet salsa de mostaza y miel,$8.900,
,pampa gourmet chimichurri con malbec,$5.500,
,pampa gourmet salsa ranch,$5.500,
,pampa gourmet salsa con vino,$6.850,
,pampa gourmet salsa de soja,$7.300,
,pampa gourmet cesar,$7.200,
,pampa gourmet sriracha,$9.500,
,pasta de aceitunas dellisola,$6.900,
,pasta de esparragos dellisola ,$9.600,
,pasta de ajo ahumada dellisola,$4.900,
,pasta de espinaca dellisola ,$6.900,
,Tahini,$10.900,
,tahini oh yeah,$13.900,
,Vinagre de Arroz,$11.900,
,Vinagre de alcohol x 1/2 lt,$950,
,Vinagre de manzana x 250 cc,$3.930,
,Vinagre de vino,$7.308,
,vinagre de vino torrentes- zuelo,$9.250,
,Vinagre organico de manzana x 1/4 lt,$8.500,
,vinagre de manzana orgánico pg 500cc,$15.900,
,vinagre de manzana con vit C natier 250ml,$10.500,
,vinagre sidra de manzana oh yeah 250ml,$9.900,
,vinagre sidra de manzana oh yeah 500ml,$18.900,
,vinagre de vino tinto clovis x500ml,$13.900,
,,,
2 - AVENAS Y SOJAS,,$ por kilo ,
,Avena instantanea,$2.000,
,Avena Gruesa,$2.000,
,Avena tradicional fina,$2.000,
,avena mix granix ,$1.300,
,avena dicomere,$4.900,
,Salvado de avena ,$2.400,
,Soja texturizada,$2.500,
3 - BEBIDAS,,$ por unidad,
,Jugo de arandano c/  Rincon de Vida 1 1/2 Lt,$5.900,
,Jugo de arandano Rincon de vida 1 1/2 Lt,$5.900,
,jugo aloe vera lotte,$4.900,
,,,
,bonini intenso c/nespresso display x 10 capsulas ,$8.000,
,bonini forte c/nespresso display x 10 capsulas ,$8.000,
,cerveza beepure,$4.500,
,doña Magdalena licor de dulce de leche,$5.900,
,jugo de arándano organico,$5.000,
,jugo arandano ceral,$6.500,
,vino santa julia organico,$6.050,
,vino nucha organico,$11.600,
,jugo citric pomelo - limonada,$2.000,
,colorada gaseosa natural (lata),$6.000,
,caffettino brasil,$18.800,
,caffettino brasil dark,$20.900,
,caffettino colombia,$20.500,
,gaseosa pre y probiotica,$2.400,
,gaseosas sparkling,$4.500,
,kefir,$8.900,
,ko agua 1lt,$2.200,
,ko aguas saborizadasv,$1.500,
,"kombucha ALOJA  jengibre, cedron e hibiscus ",$5.400,
,kombucha ALOJA pomelo,$5.400,
,Kombucha ALOJA frutilla,$5.400,
,kombucha ALOJA ginger ale,$5.400,
,kombucha BOOCH pomelo e hibiscus,$6.300,
,kombucha BOOCH jengibre y aloysia,$6.300,
,kombucha BOOCH mandarina verde y manzanilla,$6.300,
,"kombucha BRAVIA limon, jengibre, menta y matcha",$6.300,
,kombucha BRAVIA frutos rojos,$6.300,
,,,
,benjil kombocha,$6.000,
,smudis todos ,$1.800,
,straus  cerveza golden,$4.200,
,straus cerveza honey,$5.000,
,straus cerveza ipa,$5.800,
,straus cerveza millet,$5.000,
,tonic yerba mate,$3.800,
4 - CEREALES Y GRANOLAS,,$ por 100 grs,$ por kilo 
,almohaditas de avena de chocolate con relleno de chocolate blanco,$1.800,$18.000
,almohaditas de avena de chocolate con relleno de limon,$1.600,$16.000
,Almohaditas de avena dos dos,$1.200,12000
,Almohaditas de avena rellenas de avellana,$1.600,$16.000
,Almohaditas de avena rellenas de frutilla,$1.600,$16.000
,Almohaditas de avena rellenas de limon,$1.600,$16.000
,Almohaditas de avena rellenas de mani,$1.600,$16.000
,Aritos de miel,$1.100,$11.000
,Aritos frutales,$1.100,$11.000
,Baloncitos de chocolate,$1.200,$12.000
,Bananitas,$1.800,$18.000
,Cereal Free sin azucar,$1.700,$17.000
,Cereales chocoflakes,$600,$6.000
,Copi choc,$1.100,$11.000
,Copos de maiz con azucar,$1.000,$10.000
,Copos de maiz sin azucar,$900,$9.000
,Fibra total,$1.000,$10.000
,granola MOLÉ,$16.900,
,Granola Crocante ,$950,$9.500
,granola oran mix energetico ,$1.000,$10.000
,Granola Crocante (Frutos Rojos - Pasas y ndras) ,$1.500,$15.000
,Granola integra x 350 grs,$9.900,
,granola integra sin gluten,$9.900,
,granola integra choco350gr,$9.900,
,granola integra proteica,$9.900,
,Granola integra  x kilo -tradicional / chocolate,$23.900,
,"Granola energetica (avena, nueces, ndras, copos de maiz, sesamo, miel, maní, azucar mascabo, con o sin pasas)",$1.050,$10.500
,Granola Energetica  orann sin azucar,$1.100,$10.900
,Granola Frutos rojos  x 350 grs,$5.900,
,Granola pasas y alnendras  x 350 grs,$6.000,
,Granola  y miel  x 350 grs,$3.900,
,Granola patagonica - energetica -pop 200 DPK,$4.000,
,granola bulka,$16.900,
,granola natural candy,$4.500,
,choco quiboa natural candy,$4.400,
,granola dubai pasticcino,$8.500,
,granola tradicional -  energetica - Pop ANKA,$1.400,$14.000
,granola con chocolate ANKA,$1.550,$15.500
,granola paragonica ANKA,$1.600,$17.000
,granola tropical ANKA,$1.700,$13.000
,Naturalitos,$1.200,
,Tapitas barbacoa,$550,$5.500
,Tutucas Blancas,$600,$6.000
,Quinoa pop ,$1.400,$14.000
5 - COMPLEMENTOS DIETARIOS,,$ por unidad ,
,Aceite de almendras oasis 60cc,$10.900,
,aceite de almendras oasis 30cc,$7.900,
,Aceite de almendras sol azteca,$10.900,
,Aceite de uva oasis,$2.790,
,Aceite de Chía Natufarma x tableta,$1.900,
,Aceite de Chía Sol Azteca,$11.500,
,aceite de lino sol azteca 150cc,$6.900,
,Aceite de lino x 250 cc Sol azteca,$8.500,
,Aceite de pescado goldfish,$5.830,
,aceite de hígado de bacalao,$84.900,
,Aceite de romero oasis ,$9.000,
,aceite de romero Natural Seed,$9.900,
,Aceite de sesamo x 150 cc sol azteca,$6.900,
,Aceite de sesamo x 250 cc sol azteca,$10.500,
,aceite semillas de calabaza sol azteca,$21.900,
,Aceite de  oregano herbs,$8.900,
,aceite de oregano  natier,$24.900,
,aceite de oregano MEDINATURAL,$16.500,
,aceite de oregano green zac,$9.900,
,aceite de oregano virgin oil,$9.900,
,Aceite de Cannabis Cannavid,$9.500,
,Aceite de CBD 5 % Econatural,$6.900,
,Aceite de CBD 5 % Sanarte,$5.050,
,Aceite de CBD 15 %,$6.540,
,Aceite de CBD 40 %,$9.200,
,canabis al 30% cannatural,$8.040,
,aceite palta oasis 60cc,$6.600,
,Aceite Royal Cannabis,$9.900,
,aceite de jojoba oasis,$12.900,
,aceite ricino ,$8.900,
,aceite de ricino sentida botanica,$31.900,
,aceite de rosa mosqueta sentida botanica,$25.900,
,aceite de rosa mosqueta hierbas del oasis,$9.408,
,sérum capilar sentida botanica ,$14.900,
,aceite de arnica botanika,$19.900,
,aceite jojoba botanika,$26.900,
,aceite de shantala botanika,$19.900,
,Acido hialuronico (VitaminWay) x tableta,$7.900,
,Acido hialuronico (VitaminWay) x caja,$10.650,
,acido hialuronico natier 50 capulas,$37.900,
,Ajo negro natier,$14.600,
,Ajo negro Premium,$4.100,
,Ajolip Natufarma x tableta,$1.500,
,Aloe Vera bebible,$5.980,
,aloe vera bebible natier,$11.300,
,Aloe Vera - Jual bebible x500 Cc,$13.500,
,Aloe vera - Jual bebible x 250 Cc,$7.900,
,Aloe vera - Jual bebible x 1lt,$25.500,
,Arandanos vitaminway,$4.000,
,B - 12 ,$4.200,
,B 12 natier,$13.750,
,Bronsol (vitaminway) x tableta,$4.900,
,bisglicinato dw magnesio VW x tableta ,$4.500,
,crema hidratante con aloe vera y aceite de almedras,$15.900,
,crema rejuvenecedora con azafran,$17.700,
,crema hidra2con rosas,$19.500,
,"Cabello, piel y uñas vitaminway x tableta",$4.700,
,cabello piel y uñas + hialurónico vitaminway tableta ,$5.300,
,Cafe verde vitaminway x tableta,$2.900,
,cafe verde goldfish x 60c,$9.900,
,cafe verde goldfish x 30c,$6.500,
,Calcio 500  x tableta natufarma,$680,
,calcio + vit c natier 50 cápsulas ,$11.500,
,Calcio cubano x 100 gr,$1.670,
,capskrill,$57.900,
,Carotenos Natufarma x tableta,$290,
,Cartilago de tiburon en polvo,$1.670,
,cartilago 1000 goldfish,$8.500,
,Cascara sagrada x tableta,$2.900,
,Cascara Sagrada + Aloe vera x tableta vw,$1.950,
,CEDEMI ashwagandha ,$18.500,
,CEDEMI colageno con vit C y E,$12.000,
,CEDEMI omega 3 x60,$24.000,
,CEDEMI magnesio x60,$11.000,
,CEDEMI melena de leon capsulas,$28.000,
,CEDEMI melena de leon con Vit B9 capsulas,$24.000,
,CEDEMI resveratrol,$18.000,
,CEDEMI k2+d3,$12.000,
,CEDEMI reishi,$18.500,
,CEDEMI melena de leon,,
,CEDEMI cordyceps,,
,CEDEMI astragalo,,
,CEDEMI cola de pavo,,
,CEDEMI vitex,,
,CEDEMI maitake,,
,CEDEMI tremella,,
,CEDEMI shitake,,
,CEDEMI blend relax,$22.000,
,CEDEMI blend digestivo,,
,CEDEMI blend metabolico,,
,centella asiatica+te verde +ginkgo y vit B1 caps,$8.900,
, chia vitaminWay x tableta,$5.600,
,chia  natufarma x tableta,$4.300,
, goldfish x 30c,$6.500,
,citrato magnesio natier 50 capsulas,$18.900,
,citrato de magnesio gummies ,$21.900,
,citrato de magnesio 102,$18.900,
,citrato magnesio 500,$11.500,
,citrato de magnesio lafarmen,$23.000,
,citrato de magnesio x 100 grs,$14.900,
,Citrato de magnesio x180grs VW,$27.900,
,citrato de magnesio x360 VW,$45.900,
,citrato de magnesio vitaminway tableta,$4.900,
,citrato de potasio VW por tableta,$4.500,
,citrato de potasio x100gr,$13.900,
,Clorofila por tabletas,$3.500,
,Clorofila x 30 capsulas,$1.800,
,Clorofila liquida,$1.550,
,Cloruro de magnesio,$2900 x 100 grs ,
,colabella aceite de oregano,15900,
,"colabella serum colageno, curcuma, hialurónico ",18900,
,colabella colágeno hidrolizado con zanahoria,7900,
,colabella extracto aceite de oregano,15900,
,colabella suplemento flor de jamaica,17900,
,colabella cartilago de tiburon x60comp,15900,
,colabella polen x60comp,15900,
,colabella probiotico kefir x60caps,15900,
,colabella remolacha 60caps,15900,
,colabella super nad,44000,
,Coenzima Q vitaminway x tableta,$4.900,
,colageno peptidos natier,$36.900,
,colageno capsulas natier,$19.500,
,colageno goldfish x 60c,$9.200,
,Colageno hidrolizado ,$22.800,
,colageno flex vitaminway por 120 grs,$14.900,
,colageno flex por 360 grs vitaminway,$37.900,
,Colageno + Acido Hialuronico Goldfish,$7.660,
,Colageno + Té Blanco Goldfish,$27.800,
,Colageno + Te Matcha Goldfish,$36.900,
,Colageno + vitamina c  Goldfish,$29.900,
,Colageno + Matcha bebible,$8.980,
,Colageno + Acido Hialuronico bebible vitaminway,$23.180,
,colageno+hialurónico vitaminway tableta ,$7.800,
,Colageno articulaciones bebible vitaminway,$23.180,
,Colageno facial bebible vitaminway,$23.180,
,Colageno siluett vitaminway,$23.500,
,Colageno bebibe vitamina c y Q10 vitaminway,$23.180,
,Colageno hidrolizado en polvo,$2.900,
,"colageno hidrolizado tipo I, II y III",$5.500,
,Colageno facial Vitaminway x tableta ,$3.900,
,Colageno hidrolizado puro,$4.860,
,Colageno x vitamina c lafarmen,$23.000,
,Colageno + calcio (VitaminWay) x tableta,$4.500,
,Colageno + calcio (VitaminWay) frasco x 30 c,$6.800,
,Colageno flex vitaminway x tableta,$6.900,
,colageno mas magnesio polvo natier,$34.400,
,Crema de Ordeñe 120 grs,$8.900,
,crema de ordeñe x 250 grs,$13.900,
,crema de ordeñe x500gr,$22.900,
,Curcuma + jengibre en capsulas (tableta),$3.300,
,Curcuma + pimienta vitaminway x tableta,$4.700,
,curcuma natier,$16.600,
,curflex plus x30 comp,$36.900,
,curflex triple acción x30 comp,$38.900,
,curflex duo 310gr,$68.900,
,curflex advance + curcuma ,$39.900,
,ECONATURAL aceite,$5.300,
,Detox vitaminway x tableta,$4.500,
,ENA - Aminoacidos (BCAA),$5.790,
,ENA Accion multivitaminico,$15.600,
,ENA- BCAA 90caps,$19.500,
,ENA cafeina 60caps,$16.900,
,ENA collagen neutro,$35.900,
,ENA - colageno sport  500gr,$41.900,
,ENA - carnitina pro burn 60caps,$22.900,
,ENA - Creatina en polvo,$41.900,
,ENA - Creatina monohidrato creapure x200gr,$35.000,
,ENA - Creatina micronizada 150gr,$23.900,
,ENA - creatina micronizada 300gr,$45.900,
,ENA - creatina micronizada 1kh,$119.000,
,ENA- creatina microdosis,$1.500,
,ENA - creatina+ electrolitos fruit punch,$38.900,
,ENA - Citrato de magnesio x60c,$18.900,
,ENA - Proteina Iruemade,$4.680,
,ENA - fish oil omega 3,$36.000,
,ENA - proteina sobre,$2.800,
,ENA - glucosa,$890,
,ENA - Glutamina Micronizada ,$4.490,
,ENA multivitamin sport 60caps,$20.900,
,"ENA - Proteina Whey protein (Frutilla, vainilla, chocolate) x 453 grs",$46.900,
,ENA - Proteina Whey protein x 930 grs,$79.900,
,ENA diet whey protein vainilla,$51.600,
,ENA -proteina en gel x unidad( Uva - Frutilla - Citrus o Vainilla),$1.750,
,ENA - starter protein café con leche ,$46.900,
,ENA - resveratrol 60caps,$64.000,
,enaccion multivitaminico plus x30 comp,$18.900,
,frutinatural,$26.900,
,Fegatol -estracto natural de hierbas x 125 ml,$4.900,
,Fegatol -estracto natural de hierbas x 250 ml,$8.500,
,Fegatol -estracto natural de hierbas x 500 ml,$13.900,
,garcinia x tableta,$2.500,
,garcinia x caja,$8.200,
,garcinia mas spirulina vitaminway,$2.130,
,graviola en polvo x100gr,$1.670,
,Gaviola en capsulas x 90 capsulas,$2.800,
,Geneo + 45 x tableta,$2.320,
,Geneo Beauty x 30 comp - tableta,$2.320,
,ginkgo natufarma x tableta ,$4.300,
,Ginko 120 - complex tableta,$900,
,ginko biloba natier,$12.900,
,Ginko 120 - complex caja,$2.030,
,Ginseng + guarana - Vitaminway x tableta,$3.000,
,glicinato de magnesio x100gr,$27.900,
,ginseng mas magnesio goldfish,$8.500,
,goldfish cafe verde x60 comprimidos,$9.900,
,goldfish cafe verde x 30 comprimidos,$6.500,
,goldfish cartilgo de tiburon 1000x 30 comprimidos ,$8.500,
,goldfish  x 30 comprimidos ,$6.500,
,"goldfish centella asiatica, fucud, ginkgo, vit e 60caps",$9.900,
,goldfish colageno x 60 comprimidos ,$9.200,
,goldfish ginseng + magnesio x30 comprimidos ,$8.500,
,goldfish magnesio 400 blistera x 100 comprimidos ,$2.800,
,goldfish magnesio 400 x 30 comprimidos ,$5.900,
,"goldfish Manzanilla, tilo,  melis",$5.900,
,goldfish propoleo bebible,$11.400,
,goldfish psyllium,$30.900,
,goldfish vitamina c,$9.600,
,Guarana Natufarma - x unidad,$1.000,
,Granger keto pancakes vainilla,$10.508,
,Granger cupcakes proteicos,$14.900,
,granger citrato de magnesio ,$15.500,
,Granger colageno hidrolizado,$17.380,
,Granger proteina de arveja ,$37.900,
,Granger omelette jamon y queso,$15.000,
,Granger pancake proteico chocolate/vainilla,$18.500,
,granger pancakes proteicos veganos ,$12.500,
,granger pancakes proteico salado queso,$18.500,
,granger pancakes proteico chocolate suizo,$16.000,
,granger  pudding,$12.900,
,Harina de cannabis,$1.800,
,Harina de coca,$1.670,
,Harina de Graviola,$1.670,
,Harina de moringa ,$1.800,
,Isoflavona vw,$2.500,
,Isoflavonas Natufarma x tableta,$3.000,
,insaponificable de soja y palta vitaminway ,$6.500,
,jengibre concentrado natier 50 capsulas,$13.300,
,kit vivir pura glicinato de magnesio,,
,kit vivir pura magnesio puro doypack ,$23.900,
,kit vivir pura citrato de magnesio doypack,$28.900,
,kit vivir pura potasio ,$23.900,
,kit vivir rawmesan,$15.500,
,krill duo vitaminway ,$13.900,
,Lafarmen aminoacido 2000 x tableta,$1.500,
,Lafarmen aminoacido mujer x tableta,$480,
,"Lafarmen carnitina, isonitol, colina x tableta",$1.900,
,Lafarmen creatina en polvo x 200,$36.000,
,Lafarmen creatina polvo x 180,$22.000,
,Lafarmen creatina polvo x 500,$46.000,
,Lafarmen creatina x tableta,$3.000,
,Lafarmen creatina masticable x tableta,$3.000,
,Lafarmen nitrofull,$590,
,Lafarmen Ajo  mas vitamina c,$2.500,
,Lafarmen antoxidante ,$2.500,
,Lafarmen arandano,$2.500,
,Lafarmen Betabronze,$3.300,
,Lafarmen Betacaroteno,$2.500,
,Lafarmen Cafe verde,$2.500,
,Lafarmen Calcio de ostra,$2.500,
,Lafarmen Centella asiatica compuesta,$3.208,
,Lafarmen cartilago de tiburon,$2.500,
,Lafarmen chia,$2.500,
,Lafarmen colageno,$3.300,
,Lafarmen complejo B ,$2.500,
,Lafarmen Flebonat,$2.500,
,Lafarmen Fucus compuesto,$2.500,
,Lafarmen garcinia cambogia compuesta,$3.300,
,Lafarmen ginko biloba fuerte,$2.500,
,Lafarmen ginseng rojo forte,$2.500,
,Lafarmen Guarana up,$2.500,
,Lafarmen Isoflovonas compuesta,$2.500,
,Lafarmen Lafarmen diez con cfe verde,$2.500,
,Lafarmen lax ,$2.500,
,Lafarmen lecitina de soja,$2.500,
,Lafarmen levadura de cerveza ,$2.500,
,Lafarmen magnesio,$2.500,
,Lafarmen multilafarmen,$2.500,
,Lafarmen mix protein x 1 kg,$12.700,
,Lafarmen proteina de soja,$12.150,
,Lafarmen prostamen con arandano,$2.500,
,Lafarmen spirulina,$2.500,
,Lafarmen valeiana compuesta,$2.500,
,Lafarmen  vitamina c ,$2.500,
,Lafarmen vitamina d ,$2.500,
,lafarnen vitamina e,$2.500,
,Lecitina de soja x tableta,2500,
,Maca Kollpa x 500 grs,3500   $700x100gr,
,Maca negra x 150 grs,$2.400,
,Maca pura,$4900 x 100 grs ,
,Maca + graviola ,$1.670,
,Maca roja,$1.670,
,magnesio goldfish x 100c,$2.800,
,magnesio polvo natier,$26.900,
,magnesio 400 goldfish,$5.900,
,magnesio +k2 + d3 + colageno vw,$6.000,
,magnesio quelato vw,$4.000,
,magnesio stress,$3.500,
,Magnesio 100 Natufarma x tableta,$2.250,
,Magnesio + potasio Vitamin Way x tableta,$2.500,
,Magnesio + calcio Vitamin Way x tableta,$2.700,
,magnesio sleep+ calm vitaminway ,$5.300,
,Magnesio Sport - Natufarma x tableta,$2.500,
,Magnesio Sport - Vitamin Way x tableta,$2.900,
,Magnesio stress vitaminway,$4.500,
,"manzanilla, tilo, v. b1 y b6 goldfish",$5.900,
,medinatural aceite de oregano x 30ml,$18.900,
,medinatural aceite de romero x30cc,$20.900,
,medihepat x60,$6.900,
,melena de leon,$14.500,
,melena de leon VW,$6.900,
,Miel con carpincho x150ml,$1.700,
,miel con carpincho x360ml,$2.600,
,moringa geonat,$3.000,
,Multivitaminico Vitaminway x tableta,$6.900,
,multimagnesio VW,$4.500,
,multimagnesio polvo VW 222gr,$22.000,
,natier aceite de primula 250ml,$44.900,
,natier kale bebile 250ml,$10.900,
,natier clorofila liquida 250ml,$10.900,
,natier clorofila liquida 500ml,$18.900,
,natier centella asiatica bebile 250ml,$16.900,
,natier centella asiatica bebile 500ml,$23.900,
,natier jugo aloe vera natural 250ml,$15.900,
,natier jugo aloe vera natural 500ml,$20.900,
,natier jugo aloe vera digestivo 250ml,$16.900,
,natier jugo aloe vera digestivo 500ml,$22.900,
,natier jugo aloe vera berries 250ml,$11.900,
,natier melisa bebile 250ml,$19.900,
,natier melisa bebile 500ml,$35.900,
,natier omega 3 bebible 250ml,$49.900,
,natier vinagre sidra de manzana 250ml,$14.900,
,natier vinagre sidra de manzana 500ml,$29.900,
,natier vit b12 bebible 250ml,$10.300,
,natier vita b12 bebible 500ml,$31.900,
,natier cápsulas  ajo negro,$19.900,
,natier cápsulas alcachofa,$19.900,
,natier cápsulas aloe vera,$19.900,
,natier cápsulas arandanos,$19.900,
,natier capsulas biotina,$22.900,
,natier blend relax,$22.900,
,natier cápsulas cafe verde,$22.900,
,natier cápsulas calcio + d3,$12.500,
,natier cápsulas canela diet,$19.900,
,natier cápsulas centella asiatica,$19.900,
,natier cápsulas colágeno+ e,$25.900,
,natier cápsulas CoQ10,$57.900,
,natier cápsulas curcuma concentrada ,$22.900,
,natier cápsulas curcuma+ pimienta negra,$21.900,
,natier cápsulas fucus,$23.900,
,natier cápsulas garcinia,$21.900,
,natier cápsulas ginkgo biloba,$19.900,
,natier cápsulas glutation ,$41.900,
,natier cápsulas hialurónico ,$41.900,
,natier cápsulas hierro quelado,$29.900,
,natier cápsulas jengibre ,$25.900,
,natier cápsulas k2 + d3,$35.500,
,natier cápsulas k2,$25.900,
,natier cápsulas maca,$21.500,
,natier cápsulas magnesio,$22.900,
,natier cápsulas magnesio bisglicinato ,$19.900,
,natier cápsulas magnesio treonato,$32.900,
,natier cápsulas moringa,$23.900,
,natier cápsulas omega 3,$39.900,
,natier cápsulas potasio,$19.900,
,natier cápsulas prebiotico,$35.900,
,natier cápsulas probiotico,$68.900,
,natier cápsulas relax blend,$19.900,
,natier cápsulas resveratrol ,$21.500,
,natier cápsulas  selenio,$22.900,
,natier cápsulas spirulina,$22.900,
,natier cápsulas triptófano ,$21.900,
,natier cápsulas vit A,$22.900,
,natier cápsulas  vit B12,$22.900,
,natier cápsulas vit C,$19.900,
,natier cápsulas vit D3,$18.900,
,natier cápsulas vinagre de manzana,$19.900,
,natier cápsulas vit K2,$35.900,
,natier cápsulas yodo,$19.900,
,natier cápsulas zinc,$22.900,
,natier calmatoxian,$9.900,
,natier calmatoxin crema tradicional ,$15.900,
,natier calmatoxin crema concentrada ,$23.900,
,natier creatina MONOHIDRATADA ,$34.900,
,natier glutamina x200gr ,$31.900,
,natier polen plus bebible  125ml,$14.500,
,natier propoleo plis 250ml,$13.900,
,natier  colágeno y magnesio polvo 250gr,$38.900,
,natier capsulas potasio 50cap,$14.500,
,natier colágeno peptidos 250gr,$38.900,
,natier colágeno beauty 250gr,$38.900,
,natier matcha 85gr,$39.900,
,natier citrato magnesio 150gr,$33.900,
,natier shot de energia curcuma jengibre,$5.900,
,natier vit c en polvo 250gr,$34.900,
,natier desodorante ,$15.900,
,natufarma carotenos ,$4.900,
,nuez de la India ,$1.500,
,noble apicultor propoleo fuerte 500ml,$25.900,
,noble apicultor propoleo tonico,$12.900,
,noble apicultor propoleo fuerte,$13.900,
,noble apicultor propoleo atomizador,$15.900,
,noble apicultor propoleo premium,$15.900,
,Natulax Plus - Natufarma x tableta,$3.900,
,Natulax Plus - Natufarma x caja,$3.500,
,natuliv citrato de magnesio en polvo pomelo 114gr,$13.500,
,natuliv citrato de magnesio en polvo limonada 105gr,$13.500,
,nutraliv citrato de magnesio en polvo 105gr,$12.500,
,nutraliv citrato 30 comprimidos ,$14.500,
,Omega 3 - Natufarma x tableta,$5.500,
,Omega 3 vitaminway,$4.900,
,Omega 3 duo vitaminway,$5.800,
,omega 3 natier 60 capsulas,$38.700,
,ONE WEEK whey protein 7900 gentech,$2.900,
,one fit proteina 1kg,$33.900,
,one fit creatina 200gr,$24.900,
,one fit creatina 500gr,$41.900,
,one fit EEAA,$27.900,
,one fit colágeno ,$17.900,
,one fit vit C,$13.900,
,one fit citrato de magnesio 150gr,$13.900,
,one fit  citrato de magnesio 450gr,$30.900,
,original green probióticos ,$16.900,
,original green citrato de potasio ,$16.900,
, original green ultra resveratrol ,$16.900,
,original green kale,$8.900,
,original green melena de león ,$16.900,
,original green nad 1000 + resveratrol,$54.900,
,citrato de potasio 150gr,$12.900,
,proteina whey protein gentech 500 grs,$39.000,
,proteina whey protein gentech 1 kg,$69.000,
,Plata coloideal,$1.600,
,prostatol,$1.700,
,prebiotico natier 50 cápsulas ,$27.500,
,Probioticos Kiojin,"$24.500,00",
,probiotico kyojin x180ml,"$35.900,00",
,probiótico kyojin gold,"$24.500,00",
,probiotico + prebiótico kyojin x 30caps,"$21.900,00",
,Probiotico Geonat,"$3.210,00",
,probiotico + prebiotico vitaminway 10k,"$9.500,00",
,probiotico+ prebiótico 1k,"$6.900,00",
,propoleo bebible con miel,"$13.900,00",
,propoleo propoleo bebible con ginseng  ,"$13.900,00",
,propoleo plus 250gr natier,"$13.900,00",
,propoleo lindor,"$13.900,00",
,polen,"$4.000,00",
,Potasio ONE FIT,"$12.900,00",
,quelat citrato de magnesio ,"$23.900,00",
,quelat defense,"$55.000,00",
,quelat magnesio,"$30.600,00",
,quelat hierro,"$29.900,00",
,quelat minerales,"$42.500,00",
,quelat procapil,"$39.900,00",
,quelat selenio,"$25.900,00",
,quelat vit B,"$17.900,00",
,quelat vit C ,"$22.900,00",
,Relax dia x tableta vitaminway,$3.900,
,relax blend natier 50 capsulas,$16.900,
,Relax noche x tableta,$4.500,
,resveratrol vitaminway tableta,$9.000,
,selenio quelato 200 vitaminway tableta ,$6.500,
,star nutrition colageno+proteina,$35.000,
,star nutrition colagen limon,$23.000,
,star nutrition proteina 2lb,$39.900,
,star nutritions magnesio 500x60,$14.800,
,star nutritions L- glutamine 150gr,$19.900,
,star nutritions citrato magnesio capsulas,$16.900,
,star nutrition magnesio 500,$31.000,
,star nutritions multivitaminico x60,$20.900,
,star nutritions potasio magnesio,$13.000,
,star nutritions omega 3 x60,$32.000,
,star nutritions whey protein,$36.500,
,,,
,star nutritions creatina pote,$41.000,
,star nutrition creatina doy pack ,$33.000,
,star nutrition resveratrol,$22.000,
,star nutrition vit C,$8.300,
,star nutritions ZMA 90 cápsulas ,$19.500,
,star nutritions,,
,star nutritions,,
,Serenil Natufarma x tableta,$5.500,
,Spirulina x tableta - Vitaminway,$1.430,
,spirulina mas garcinia siluett,$2.400,
,Spirulina en polvo,$7.900,
,Spirulina goldfish x 30 c,$9.600,
,Spirulina goldfish x 60 c,$14.500,
,Spirulina reforzada con maca en polvo,$1.670,
,Tintura madre - Drogueria Argentina - Alcachofa,$4.900,
,Tintura madre - Drogueria Argentina - Ambay,$4.900,
,Tintura madre - Drogueria Argentina - amargon,$7.900,
,Tintura madre drogueria - arandano,$5.500,
,Tintura madre - drogueria - boldo,$5.900,
,Tintura madre - Drogueria Argentina - cardo mariano,$14.500,
,Tintura madre - Drogueria Argentina - Carqueja,$4.900,
,Tintura madre - Drogueria Argentina - Castaño de indias,$6.500,
,Tintura madre- drogueria - cascara sagrada,$6.900,
,Tintura madre - drogueria - centella asiatica,$5.900,
,Tintura madre - Drogueria Argentina - Cimicimuga,$22.500,
,Tintura madre - drogueria - ,$5.900,
,Tintura madre - Drogueria Argentina - Congorosa,$5.600,
,Tintura madre - drogueria - damiana,$8.900,
,Tintura madre - Drogueria Argentina - detox,$8.000,
,Tintura madre - Drogueria Argentina - energizante,$12.400,
,Tintura madre - Drogueria Argentina - Equinacea,$8.900,
,Tintura madre - Drogueria Argentina - Ginko Biloba,$7.608,
,Tintura madre - Drogueria Argentina - Ginseng,$12.400,
,Tintura madre - Drogueria Argentina - graviola,$8.500,
,Tintura madre - Drogueria Argentina - hamamelis,$6.900,
,tintura madre - drogueria argentina - Harpagofito,$8.500,
,Tintura madre - Drogueria Argentina - Hipericon,$4.900,
,Tintura madre - Drogueria Argentina - llanten,$7.900,
,Tintura madre drogueria - maca,$8.000,
,Tintura madre - Drogueria argentina - Melena de leon,$28.900,
,Tintura madre - drogueria - moringa,$5.900,
,Tintura madre - Drogueria Argentina - melisa,$7.900,
,Tintura madre - Drogueria Argentina - ortiga,$7.900,
,Tintura madre - Drogueria Argentina - pasionaria,$7.900,
,Tintura madre - Drogueria Argentina - relax,$8.000,
,Tintura madre - Drogueria Argentina - Rompe piedras,$7.900,
,Tintura madre - Drogueria Argentina - Uva ursi,$5.900,
,Tintura madre - Drogueria Argentina - Ginseng,$6.530,
,Tintura madre - Drogueria Argentina - Graviola,$8.000,
,Tintura madre - Drogueria Argentina - Pezuña de vaca,$6.500,
,Tintura madre - Drogueria argentina - Sen,$5.300,
,Tintura madre drogueria - tilo,$7.500,
,Tintura madre - Drogueria Argentina - sabal Serulata,$23.900,
,Tintura madre drogueria - sombra de toro,$4.500,
,Tintura madre - Drogueria Argentina - Uña de gato,$8.600,
,Tintura madre - drogueria - valeriana,$10.900,
,Tintura madre drogueria - zarzaparrilla,$4.900,
,Tintura madre - Oasis - Alcachofa,$5.400,
,Tintura madre - oasis - Boldo,$5.900,
,Tintura madre - Oasis - Cardo Mariano,$7.500,
,Tintura madre - Oasis - Carqueja,$4.700,
,Tintura madre - Oasis - Centella asiatica.,$6.500,
,Tintura madre - Oasis - Cola de caballo,$5.500,
,Tintura madre - Oasis - Curcuma ,$4.700,
,Tintura madre - Oasis - Diente de leon,$5.900,
,Tintura madre - Oasis - Fucus,$4.700,
,Tintura madre - Oasis - Ginko biloba,$4.700,
,Tintura madre - Oasis - Ginseng,$6.300,
,Tintura madre - Oasis - Hinojo,$5.500,
,Tintura madre - Oasis - Lapacho,$4.700,
,Tintura madre - Oasis - Malva ,$5.900,
,Tintura madre - Oasis - Manzanilla,$4.700,
,Tintura madre - Oasis - Melisa,$5.500,
,Tintura madre - Oasis - Ortiga,$4.700,
,tintura madre - oasis- regaliz,$8.900,
,Tintura madre - Oasis - Sen,$4.700,
,Tintura madre - Oasis - tilo,$4.900,
,Tintura madre - Oasis - Uva ursi,$6.700,
,Tintura madre - Oasis - pasionaria,$6.500,
,Tintura madre - Oasis - Valeriana,$8.500,
,Tintura madre - Oasis -,$4.700,
,Tintura madre - Oasis -Zarzaparrilla ,,
,triple magnesio vitaminway tableta ,$5.700,
,ultra tech fat burner protein bar x46gr,$3.500,
,"ultra tech protein bar banana y chocolate, frutilla y café ",$3.500,
,Valeriana Natufarma x tableta,$3.900,
,web supplements xing yu x4caps,$10.500,
,web supplements ultra mujer x4caps,$10.500,
,vita biosa ,$18.900,
,Vitamina B-12 vegana,$5.700,
,vitamina c goldfish x 30c,$9.600,
,Vitamina C x caja,$3.930,
,Vitamina C x tableta con zinc,$3.900,
,vitaminway vit C polvo,$13.900,
,vitamina c natier,$18.700,
,Vitamina D x caja,$3.890,
,Vitamina D x tableta,$3.500,
,Vitamina k2,$1970 x tableta,$8870  por caja 
,vitamina k2 + D3 natier 50 capsulas,19900,
,vitamin D3 natier 50 capsulas ,13500,
,vitamina d natier,12700,
,vitamina c natier,17700,
,vinagre de de sidra de manzana vitaminway ,4000,
,vinagre de manzana con vit c natier,13750,
,vitaminway acido hialurónico tableta,7900,
,vitaminway arandano tableta,4000,
,vitaminway bronsol tableta,4900,
,vitaminway cabello piel y uña tableta,4800,
,vitaminway café verde tableta ,3200,
,vitaminway cascara sagrada tableta ,,
,vitaminway chia tableta,4600,
,vitaminway citrato de magnesio tableta,4900,
,vitaminway citrato de magnesio sleep+ calm  tableta,5300,
,vitaminway citrato de magnesio x180gr,27900,
,vitaminway citrato de magnesio 400 x180gr,27900,
,vitaminway citrato de potasio tableta,4500,
,vitaminway clorofila tableta,3500,
,vitaminway colageno+calcio tableta,4500,
,vitaminway colageno facial tableta,3900,
,vitaminway colageno flex tableta,7000,
,vitaminway colageno flex 120gr,16900,
,vitaminway colageno hidrolizado tableta ,5700,
,vitaminway coenzima Q10 tableta ,4900,
,vitaminway curcuma jengibre tableta,4700,
,vitaminway detox tableta ,4500,
,vitaminway garcinia tableta ,2500,
,vitaminway ginkgo tableta,,
,vitaminway  ginseng guarana tableta ,3000,
,vitaminway k2+ magnesio,6000,
,vitaminway krill duo,14900,
,vitaminway isoflavona tablera,2500,
,vitaminway magnesio calcio tableta ,3900,
,vitaminway magnesio potasio tableta,3000,
,vitaminway magnesio quelato,4000,
,vitaminway  magnesio sport tableta,3000,
,vitaminway magnesio stress tableta,,
,vitaminway magnesio +50,,
,vitaminway melena de leon,6700,
,vitaminway multimagnesio ,4500,
,vitaminway multimagnesio polvo 222gr,22000,
,vitaminway multivitaminico,5900,
,vitaminway nad+ advance,15900,
,vitaminway omega 3,4900,
,vitaminway  omega duo,5800,
,vitaminway probiotico 1k,7500,
,vitaminway probiotico 10k,9500,
,vitaminway resveratrol,9900,
,vitaminway relax dia,3900,
,vitaminway relax noche ,4300,
,vitaminway spirulina ,4900,
,vitaminway spirulina siluet,3200,
,vitaminway selenio quelato,6500,
,vitaminway vitamina b12,6000,
,vitaminway vitamina C,3900,
,vitaminway vitamina D,3300,
,vitaminway vinagre sidra de manzana,4000,
,vinagre sidra manzana 50 capsulas,15600,
,vitaminway turbo whey protein sabor vainilla ,99000,
,vitaminway glutamine x 150gr,27000,
,vitaminway nitric oxide sabor lenonade x 180gr,28000,
,vitaminway BCAA x90caps,21000,
,vitaminway creatine monohydrate x300hr,39900,
,vitaminway turbo whey protein chocolate ,99000,
,vitaminway daily 100% whey sabor chocolate,63000,
,vitaminway daily 100% whey sabor vainilla ,63000,
,vitaminway brutal mass sabor chocolate,60000,
,vitaminway protein+ colageno sabor vainilla,69000,
,vitaminway tri blend whey protein sabor chocolate,79000,
,vitaminway whey protein + colageno sabor chocolate ,69000,
,vitaminway brutal mass sabor vaibilla,60000,
,vitawellnes mate balance,7500,
,vitawellness cafe con colageno y melena dd leon,26200,
,"Vitawellness TM curcuma, jengibre y pimnegra",4900,
,vitawellness cafe tostado con colageno y melena de leon,19500,
,Vitawellness TM melena de leon,14800,
,"Vitawellness TM  melena de leon, tilo, melisa",11800,
,"Vitawellness TM forte con melena de leon , ginkgo, ginseng y guaraná ",18900,
,"Vitawellness TM centella asiatica, ginkgo, te verde e hibiscus",7900,
,vitawellness citrato de magnesio ,23500,
,vitawellness citrato de magnesio x30caps,12900,
,"Vitawellness comprimidos Centella asiatica, biloba, te verde y hibiscus",7300,
,vitawellness colageno hidrolizado puro,23900,
,Vitawellness comprimidos colageno + Cartilago de tiburon ,7800,
,"Vitawellness comprimidos tilo, y melena de leon",10800,
,"Vitawellness comprimidos forte con melena de leon,  ginkgo, ginseng y guaraná",10800,
,Vitawellness comprimidos melena de leon,16500,
,vitawellness mate balance ,7500,
,Vitawellness x40gr melena de leon pura,23000,
,Vitawellness x40gr melena de leon y matcha,23000,
,Vitawellness maca,13900,
,vitawellness maca raiz en polvo 40gr,32900,
,vitalwesness citrato magnesio 180g,27900,
,vitawellness oolong y mango,10700,
,Vitawellness colageno hidrolizado x200gr,17500,
,vitalwesness oolong y mango x 50g,10700,
,vitatech colageno x360g frutos del bosque,34000,
,vitatech ashwagandha ,59900,
,vitatech bisglicinato ,25900,
,vitatech aceite de krill x30caps,32000,
,vitatech nad+colageno+resveratrol x 384gr. Frutos del bosque,89000,
,vitatech nad+ resveratrol liposomal liquido x250ml,85000,
,vitatech aceite de pescado ++bacalao x30 comprimidos,9500,
,vitatech cafe verde+ inia+ te verde x 60 comprimidos ,13900,
,vitatech cod liver hig de bacalao x 60comp,23900,
, vitatech aloe vera plus x 30 capsulas ,9000,
,vitatech carotenos C y E x30 comprimidos ,6800,
,vitatech citrato de magnesio x 30 caps,10900,
,vitatech magnesio citrato x 180gr,26500,
,vitatech nad +resveratrol complex x 60 caps,69000,
,vitatech colageno hidrolizado fit x 383gr,54900,
,vitatech colageno hidrolizado defense x383gr,39900,
,vitatech resveratrol plus 50mg x 30compr,11900,
,vitatech proteina porcion individual ,2900,
,vitatech superalimento,43900,
,vitatech vit b12 x 30comp,14000,
,vitatecha colageno beauty complex 360gr,38000,
,vitatech colageno vitaflex 360gr,35000,
,vitatech vision x30compr,8500,
,vitatech vitamina D3 x 30compr,7150,
,yeuti torta de fruta,3000,
,102 vit C efervescente ,24500,
,weleda aceite para masajes de lavanda 100ml,47900,
,weleda aceite para masajes caléndula 100ml,47900,
,weleda aceite para masajes árnica 100ml,47900,
,weleda aceite para masajes árnica 50ml,43900,
6 - CONGELADOS Y REFRIGERADOS,,$ por unidad,
,medallon TONAL Y NAGUAL,7900,
,"milarellena cebolla, morron, y queso",8500,
,sandwich pan arabe CELIEXPRESS,8500,
,sandwich miga CELIEXPRESS,12900,
,tapa empanada x12 CELIEXPRESS ,14500,
,tapa tarta individual CELIEXPRESS ,9900,
7 - COSMETICA SALUDABLE,,$ por unidad,
,jabon ayurvedico,5500,
,jabon sentida botanica,6900,
,jabon calendula sentida botanica,8500,
,cepillos de diente sudanta,3000,
,gel aloe vera botanika,14900,
,gel de limpieza facial sri sri,14500,
,good bless you enjuague bucal ,19900,
,mascarilla facial sri sri,14500,
,crema rejuvenecedora de noche ,16900,
,sudanta pasta dental 200gr,11000,
,sudanta gel x200gr,12900,
,sudanta pasta dental ayurvedica,14900,
,sudanta pasta dental ayurveduca 100gr,6900,
,sudanta pasta dental ayurvedica (encias sanas) 100gr,6400,
,sudanta pasta ayurvedica x50gr,3900,
,sudanta gen x50gr ,3500,
,sri sri pasta ultrablanqueadora,5700,
,sri sri sahumerios ,2700,
,sri sri jabon jazmin y vit E,5900,
,pasta dental libre de fluor x100,8000,
,pasta dental libre de fluor x200,10500,
,shampoo ayurvedico,8800,
,shampoo solido botanika detox 60gr,16200,
,shampoo solido botanika anticaida 60gr,18900,
,cepillo de dientes,2900,
,god bless you jabon de coco 100gr,14500,
,god bless you jabon de coco 150gr,16900,
,simply keto mermelada frambuesa,5500,
,simply keto cookies ,5500,
,simply keto,,
,simply keto tostadas,5500,
,simply keto premezclas,8900,
8 - COTILLON,,$ por unidad,
,Bandeja circular dorada-plateada,Num 6 $990,Num 7 $1790
,Bandeja circular plastica,num 1 $790,num 2 $990
,Bandeja circular plastica,num 3 $1540,num 4 $1850
,Bandeja rectangular plastica,chica 1690,grande 2060
,Bandeja rectangular dorada-plateada,Num 3 $600,
,Bandeja rectangular dorada- plateada,Num 5 $1790,Num 4 990
,Bandeja rectangular dorada- plateada,Num6  $980,Num 7 $1790
,Bengalas C/U,$1.200,
,Cartel feliz cumple con brillo,$800,
,Cartel feliz cumple cake topper,$3.700,
,Cartel feliz cumple con vela y bengala,$3.300,
,Cartel Feliz cumple para niños,$3.300,
,Cartel feliz cumple fútbol,$3.300,
,Cartel Feliz cumple Mariposa,$4.500,
,Cortante metal estrella,$2.630,
,Espatula de silicona chica,$1.040,
,Globos,$100,
,Globos con lunares/estrellas,$400,
,Globos perlados,$200,
,Guirnalda feliz cumple,$2.060,
,Jarra medidora,$4.500,
,Mariposas para decoración,$3.600,
,Manga descartable n°1,$120,
,Manga descartable n° 2,$150,
,Manga descartable n°3,$180,
,Manga silicona simple,$2.900,
,Mangas C/u silicona con pico,$7.390,
,Molde bizcochelo chico,$90,
,Molde bizcochuelo grande,$100,
,Molde budin de aluminio chico,$180,
,Molde budin de aluminio grande,$290,
,Molde budin de papel,chicos $330,grandes $400
,Molde de muffins,$1.680,
,Molde pan ce x 250 grs,$90,
,Molde pan ce x 500 grs,$160,
,Molde pan ce x 700 grs,$220,
,Molde mini pan ce ,chico $60,grande 100
,Moldes para cortar masitas x 9 unidades,$2.630,
,Papel film,$610,
,Papel manteca,$1.240,
,Papel aluminio,$800,
,Pincel de silicona mediano,$2.630,
,Picos para decorar x 5,$3.070,
,Picos para decorar x 12,$3.900,
,Picos para decorar x 18,$12.700,
,Pirotin chico,$1.000,
,Pirotin Grande,$1.300,
,Pirotin cake cups,$3.600,
,Vaso medidor,$1.860,
,Vela estrella magica,$1.680,
,"Velas de ""Feliz cumple""",$540,
,Velas de numero c/u,$750,
,Velas comúnes,$560,
9 - ENDULZANTES,,$ por unidad,
,Eritritol,$3400 x 100 grs,
,eritritol oh yeah ,9600,
,eritritol NA,19500,
,eritritol dicomere,11500,
,Jual Stevia x 600 ml,$16.500,
,erylife natier,$21.900,
,beepure stevia,$3.800,
,Jual Stevia x 250 ml,$7.900,
,Jual Stevia x 125 ml,$4.700,
,jual stevia en polvo x 110 grs,$2.400,
,t azucar light x250 grs,$1.700,
,Hileret azucar light x500 grs,$4.300,
,Hileret clasico x 250 ml,$3.250,
,Hileret clasico x 500 cc,$3.500,
,Hileret clasico x 50 sobres,$4.000,
,Hileret clasico x 100 sobres,$7.000,
,Hileret Stevia x 100 sobres,$6.000,
,Hileret Stevia x 50 sobres,$3.500,
,Hileret Stevia x 200 Cc,$7.200,
,Hileret Sweet x 200 Cc,$1.950,
,Hileret Sweet x 400 Cc,$5.000,
,Hileret Sweet x 50 sobres,$2.500,
,Hileret Sweet x 100 sobres,$6.500,
,Hileret Zucra x 400 Cc,$2.100,
,Hileret Zucra x 200 Cc,$2.750,
,Hileret Zucra x 50 sobres,$4.200,
,hileret zucra x 100 sobres,$6.900,
,Kony stevia x 500 ml,$10.400,
,Kony stevia x 200 ml,$5.400,
,Kony stevia x 100 ml,$3.900,
,Pastillas Dulkre x 500,$3.250,
,Stevia Dulri 100% vegetal x 120ml,$7.400,
,Stevia Dulri x 50 sobres,$4.200,
,Stevia Dulri x 100 sobres,$6.300,
,stevia cristalizada dulri x30 sobrew,$4.200,
,stevia cristalizada dulri x300gr,$13.900,
,Stevia dulce Trever x 100 cc,$2.300,
,Stevia en polvo - suelta,3600  x 100 grs,
,xilitol suelto,3900,
,xilitol oh yeah,10900,
,xilitol NA,19500,
,xilitol natier ,24900,
10 - ESPECIAS,,$ por 100 grs,
,Adobo para Pizza,$1.350,
,Aji Cayena rojo molido,$1.700,
,Aji Cayena Amarillo,$1.700,
,Aji molido,$1.400,
,Aji molido extra picante,$1.950,
,Ajo en polvo,$1.400,
,Ajo Granulado,$1.900,
,azafrán ,900 c/u,
,Albahaca molida,$1.900,
,Cardo momo molido,$3720 por 50 grs,
,cardamomo semilla,2500 x10gr,
,Cebolla en escamas,$1.500,
,Cebolla en polvo,$850,
,Chimichurri Ahumado,$1.000,
,Chimichurri,$1.100,
,Clavo de olor,$1200 x 10 grs,
,Clavo de olor en polvo,$1.900,
,Comino en grano,2250 x50gr,
,Comino Molido Especial,$1.300,
,Condimento para arroz,$650,
,coreandro en grani,$370,
,Coreandro Molido o Cilandro,$520,
,Condimento para milanesa,$790,
,Curcuma Molida,$1.300,
,Curcuma raiz,$2.800,
,Curry,$1.400,
,Enebro,2200 x 50 gr,
,Eneldo,$4.000,
,Especias surtidas,$1.200,
,Espinaca ,$1.130,
,Estragón en hojas,$910,
,Fenogreco,$1.500,
,Finas hierbas,$890,
,Humus en polvo,$750,
,Hongos de pino,$5.200,
,Jengibre Molido,$1.300,
,jengibre raiz,3500 x 50gr,
,Laurel en hojas,550 x 25 gr,
,Merken,$470,
,Mix de pimientas,$4.300,
,Masala,$800,
,Mostaza en granos,$900,
,Mostaza molida,$650,
,Nuez moscada molida,$2.000,
,Nuez Moscada en grano,$800,
,Orégano,$1.300,
,Paprika,$1.100,
,Perejil,$1.350,
,Pesto,$1.150,
,Pimenton ahumado,$1.600,
,Pimenton extra ce,$1.600,
,Pimienta blanca en granos,$4.900,
,Pimienta blanca molida,$3.900,
,Pimienta negra en granos,$3.500,
,Pimienta negra molida,$1.400,
,Pimienta negra molida fuerte,$1.750,
,pimienta negra molida el castillo 45gr,$6.900,
,molinillo de pimienta negra el castillo ,$14.000,
,molinillo mix pimienta el castillo,$14.900,
,Provenzal,$1.500,
,Pure de Papas deshidratado,$1.700,
,Romero,$1.700,
,Sopa Juliana sin papa,$2.400,
,Tomillo,$1.600,
,badia sazón completa,$4.550,
,badia curry en polvo,$5.750,
,badia ajo asado,$12.900,
,badia pimienta lima,$10.900,
,badia pimienta negra molinillo ,$10.600,
,el castillo cúrcuma molida,$6.900,
,el castill jengibre molido ,$6.900,
,el castillo pimienta blanca molida,$8.300,
,el castillo baharat,$6.200,
,el castillo molinillo grande,$16.900,
11 - FECULAS Y HARINAS,,$ por unidad,
,Harina de Arroz integral,$3.200,
,Harina lntegral x kg,$1.600,
,Harina Integral organica x kg,1800 x 500 gs,$3.600
,Harina Pureza x kg,$1.500,
,,$ por 100 grs,$ por kilo 
,Cebada Perlada,$120,$1.200
,chacabuco harina l organica,$1.800,
,chabuco harina trigo mas semills,$1.800,
,Fariña de mandioca,$600,$6.000
,Fecula de maiz,$250,$2.500
,Fecula de maiz glutal x 500 grs,$550,
,Fecula de mandioca paquete,$5.040,
,Fecula de mandioca,950 x 250 gs,$3.700
,fecula de papa,$5.900,
,Harina 000,$80,$790
,Harina 0000,$140,$1.400
,Harina Arepas,$520,$5.200
,Harina de algarroba,$8.000,$7.900
,Harina de almedras con piel,$690,$6.900
,Harina de almendras sin piel,$890,$8.900
,harina de almendras pura,$2.900,$29.000
,harina de almendras pura sin piel,$4.800,$47.900
,harina de arroz,$320,$3.200
,Harina de avena,$300,$3.000
,Harina de arvejas,$250,$2.400
,Harina de Centeno,$300,$3.000
,Harina de chía,$750,$7.500
,Harina de coco,$890,$8.900
,Harina de garbanzos,$220,$2.200
,Harina de lino,$360,$3.600
,Harina de Maiz (coción rapida),$150,$1.500
,Harina de Quinoa,$230,$2.300
,Harina de sesamo,$220,$2.200
,Harina de Soja,$140,$1.400
,Harina de sorgo x 450 grs,$3.100,
,Harina de Trigo Sarraceno,4900 x1/2kg,8900x 1kg
,harina de trigo sarraceno suelta,$400,$3.900
,Harina glutinada,$140,$1.400
,Harina Paraguaya,$300,$2.700
,harina pistacho ,$2.600,$26.000
,Germen de trigo ,$320,$3.200
,Gluten de trigo,$1.500,$15.000
,salvado de avena,$320,$3.200
,salvado de Trigo ,$250,$2.500
,Semola de trigo,$70,$680
,Semolin,$200,$2.000
,Trigo burgol grueso,$300,$3.000
,Trigo burgol fino,$300,$3.000
,Trigo Candeal,$360,$3.600
12 - FIDEOS VARIOS,,$ por unidad,
,fideos fetuccine plant based,$4.100,
,fideoz papardelle a huevo,,
,fideos papardelle espinaca,,
,fideos papardelle blend ,,
,tallarines pampa gourmet organicos espinaca,$6.000,
,tallarines pampa gourmet organicos tomate y tradicional,$5.500,
,penne rigate organicos pampa gourmet,$5.000,
,barilla x500gr,$9.600,
,barilla integral x500gr,$12.400,
,mazza alimentari passata di pomodoro,$7.700,
,mazza alimentari pesto a la genovese,$12.700,
,mazza alimentari spaghetti,$5.300,
,mazza alimentari penne rigate,$5.300,
,mazza alimentari fussili,$5.300,
,mazza alimentari lasagna,$8.900,
,san giorgio casarecce nero di seppia,$8.900,
,san giorgio fusilli nero di seppia,$8.900,
13 - FRUTAS DESHIDRATADAS,,$ por 100 grs,
,Arandanos,$2.000,
, anana en cubos,$2.100,
, anana en rodajas,$3.500,
,Anana en tiras,$1.300,
,Bananitas disecadas,$1.950,
,Cascaritas de naranja glaseadas,$1.000,
,Ciruelas bombón (sin carozo),$1.200,
,Ciruelas presidente (sin carozo),$1.500,
,Cerezas glaseadas,$4.500,
,damasco en caja ,$4.900,
,Datiles de Egipto,$1.200,
,datil sin carozo ,$1.400,
,datiles de argelia ,$1.400,
,Durazno medallones,$2.900,
,Frutilla glaseada,$3.800,
,Frutas escurridas,$900,
,fruta nevada ,$1.000,
,frutas glaseadas,$1.400,
,Hibiscus glaseado,$3.700,
,Higos blancos turcos,$2.800,
,Higos comunes,$4.400,
,Jengibre Azucarado,$1.600,
,Kiwi glaseado,$3.000,
,Mango glaseado,$2.000,
,Manzana en cubos,$3.500,
,"Mix ( durazno, pera y ciruela)",$1.100,
,Orejones de damascos turcos,$2.310,
,Papaya en cubos,$1.500,
,Pasas de uva Jumbo,$1.000,
,Pasas de uva pequeñas,$800,
,Pasas de uva Rubias,$1.300,
,Peras,$2.500,
,Pomelo en cubos ,$810,
,Pomelo en rodaja,$700,
,Tomates deshidratados,$2.600,
14 - FRUTOS SECOS,,$ por 100 grs,$ por kilo 
,almendras Non Pareill,"$3.000,00","$30.000,00"
,almendras Partidas ,"$2.250,00","$22.500,00"
,almendras ramillada,"$2.300,00","$23.000,00"
,almendras con sal,"$3.200,00","$32.000,00"
,Avellanas ,"$3.600,00","$36.000,00"
,Castañas de Cajú comunes ,"$3.000,00","$30.000,00"
,castañas tostadas,"$3.800,00","$38.000,00"
,castañas de pará ,"$4.300,00","$43.000,00"
,Maiz frito salado ,"$1.800,00","$18.000,00"
,Maní crudo Runner ,"$600,00","$6.000,00"
,Maní con sal (pelado),"$550,00","$5.500,00"
,Maní sin sal (pelado),"$550,00","$5.500,00"
,Mani con cascara,"$800,00","$8.000,00"
,Mani cervecero,"$800,00","$8.000,00"
,Mix Cervecero ,"$1.500,00","$15.000,00"
,mix salado,"$1.300,00","$13.000,00"
,mix frutos secos del bosque,"$2.400,00","$24.000,00"
,"Mix deportivo (nueces,  de uva, castañas de Caju,ndras)","$2.200,00","$22.000,00"
,mix deportivo con mani ,"$1.900,00","$19.000,00"
,"Mix Seco premiun (endras, avellanas, nueces, castañas de Cajú)","$3.400,00","$34.000,00"
,"Mix tropical (endras, avellanas, nueces, castañas de Cajú,  en cubos, chips de bananitas,  de uva)","$1.800,00","$18.000,00"
,Mix tropical sin ,"$1.150,00","$11.500,00"
,Nuez con cascara,"$1.400,00","$14.000,00"
,Nuez cuartillos,"$1.900,00","$19.000,00"
,Nuez cuartos light,"$2.500,00","$25.000,00"
,Nuez mariposa Extra light,"$2.700,00","$27.000,00"
,Nuez pecan entera,"$3.000,00","$30.000,00"
,Nuez pecan partida,"$2.800,00","$28.000,00"
,Nuez pecan cascara,"$1.500,00","$15.000,00"
,Pistachos con cascara,"$5.400,00","$54.000,00"
,pistachos con cascara con azafran,"$3.900,00",
,Pistachos sin cascara,"$9.900,00","$99.000,00"
15 - GALLETITAS,,$ por unidad ,
,Bizcochitos Integ.  c/ girasol x 180 grs,$1.500,
,"bria galletita de avena, quinoa, pistacho y arándanos ",$6.200,
,boccone,$2.300,
,cookies  crudencio,$3.800,
,cookies cacao crudencio,,
,cookies limon crudencio,,
,cookies coco,,
,crackers puerro,$3.000,
,crackers tomate,,
,crunchis crudencio,$12.600,
,Cachafaz integrales chips y almendras y mani x 225 grs,$3.900,
,cachafaz integrales  pasas y algarroba ,$3.400,
,Cachafaz Organicas x 225 grs,$2.600,
,Chiqui diet - limon - frutilla - coco - algarroba - mmanzana -vainilla - chips  x 190 grs,$1.750,
,Chiqui diet Arandanos 190 grs,,
,Chiqui Diet Caca x 230 grs,,
,Chiqui diet naranja 190 grs,,
,Frutigran Chip de chocolate x 250 grs,$2.800,
,Frutigran con  y lino x 250 grs,$2.000,
,"Frutigran sésamo, amaranto y girasol 250 grs",$2.100,
,Frutigran Tropical x 250 grs,$2.500,
,Frutigran pasas ,$2.100,
,frutigran frutos rojos ,$3.000,
,frutigran do,$1.450,
,Frutigran 175 grs,$1.900,
,Granovita (algarroba - Limon - Coco),$1.500,
,Granix - Cereal- Sesamo - Lino,$1.200,
,grun pepas,$4.400,
,integralia pepas,$3.600,
,integra galletitas 200gr,$4.400,
,integra galletitas 72gr,$2.300,
,integra cookies,$2.000,
,"Limbo ( Algarroba, cacao y coco - ndras, nueces y mani - Chips de chocolate)",$2.400,
,"Limbo datiles, cranberries y avena",$2.400,
,"Limbo limon, jengibre y avena",$3.000,
,oh yeah cracker,$6.700,
,Panacity todos,$2.700,
,"pan rustico multicereal, l, do",$4.350,
,pan rustico 3 harinas - calabaza y curcuma,$4.350,
,pepas rustico,$2.350,
,paticcino waffle,$4.900,
,paticcino vegacookie,$7.500,
,paseo,$1.600,
,panasenio sarraceno crudencio,$3.200,
,salvado x 240 grs,$1.500,
,salvado sin sal x 240 grs,$1.500,
,Salvado -3 x 720 grs en un pack,$4.000,
,Sandwich granagua S/ sal x 200 grs,$1.500,
,Sandwich granagua C sal x 200 grs,$1.500,
,Sandwich granagua C sal x 3,$4.000,
,Sin sal - sandwich - salvado x 500Grs - Solita,$2.600,
,simply keto cookies 100gr,$7.400,
,simply keto tostadas ,$6.500,
,simply keto premezclas,$9.700,
,simply keto budines 250gr,$4.400,
,simply keto budines sin azucar,$4.900,
,simpy keto grisin,$5.400,
,"Smookies, primera galletita 150gr",$6.700,
,"smookies, primera galletita kids 120gr",$2.150,
,"smookies kids, primera galletita 120gr",$2.750,
,"Tostex (avena y pasas - Avena y chips - Avena, arandanos y naranja - Avena y miel)",$1.950,
,winka (naranja y choco - coco - pepas batata - pepas membrillo - muesli - algarroba - limon),$1.750,
16 - GALLETITAS SIN AZUCAR,,$ por unidad,
, dieteticas ceral (naranja -coco - limon- algarroba) x 190 gr,$2.900,
, dieteticas ceral (naranja - coco - limon- algarroba) x 190 gr,$2.900,
, pan rallado,$1.900,
,Diabest,$3.000,
,doña magdalena alfajor choco negro,$1.950,
,Gullon con chips chocolate,$2.300,
,Gullón sin azucar - fibra l x 170 grs,$2.240,
,Gullon oblea sin azucar,$1.200,
,dulri postrecito,$2.150,
,dulri cacao con stevia,$5.500,
,Alfajores Celienergy,$2.000,
,alfajor amadda,$2.100,
,arbanit cubanitos,$1.300,
,arbanit alfajor,$1.800,
,Alfajores Cerro Azul comunes ,$2.000,
,Alfajores Cerro Azul sin azúcar ,$2.000,
,alfajores angiola,$1.600,
,alfajores danteli alfajor tripe,$2.400,
,alfajores danteli choc negro y ,$1.050,
,alfajor dantelli chocolate blanco con dulce de leche,$2.000,
,alfajores danteli dulce de avellanas y cafe,$2.400,
,alfajores danteli con frutilla ,$1.600,
,alfajores danteli harina de alm. y ,$1.600,
,alfajores danteli pasta de avellanas,$2.000,
,alfajores danteli  con frutilla,$1.150,
,alfajor dantelli mini  de maicena ,$1.600,
,dantelli limon,$1.400,
,dantelli horus rellenas,$1.600,
,delicel alfajor maicena,$1.200,
,Alfajor day by day blanco protein ,$2.700,
,alfajor day by day negro con frutos del bosque,$1.800,
,alfajor day by day choco negro,$2.600,
,alfajor day by day choco blancp,$2.600,
,Alfajores don Felix,$2.000,
,alfajor doña magdalena ,$1.950,
,caramelos ICY,$2.700,
,chocoarroz,$610,
,barrita beauty bar ,$2.600,
,barrita crudda,$2.800,
,barrita iron bar,$3.000,
,Barritas mudra,$1.050,
,barrita laddubar protein ,$2.900,
,barrita laddubar,$1.600,
,barrita laddubar gold,$2.000,
,barrita lowcarb ,$3.900,
,barrita pistacho Be Yoy,$3.500,
,barrita gentech veggie,$3.900,
,"barrita merlin bars natural, de coco y de manzana",$2.000,
,barrita merlin bars protein,$3.000,
,merlin pochoclos ,$3.200,
,barrita vitalgy,$1.500,
,barrita vitalgy proteina,$1.800,
,barrita outgrow,$3.500,
,Bocaditos wow,$1.200,
,barrita zanna's,$1.700,
,barrita zafran arandano - doble chocolate - mani y miel,$2.000,
,barrita zafran manzana - caju y zapallo,$1.600,
,benot barrita chocolate 70%,$1.800,
,benot chocolate con frutos rojos y crocante,$1.600,
,benot bombon relleno de frutos rojos,$1.200,
,benot bombon relleno de coco,$1.200,
,Bolitas crocantes Julicroc de colores,$1.060,
,Bombon de fruta gancel,$350,
,bombones de fruta cerro azul,$400,
,bombones de fruta abuela mecha,$500,
,,$800,
,,$500,
,bombones de fruta gancel,$300,
,Bolitas de chocolate julicroc,$180,
,cormillot mix traful,$1.000,
,cormillot mix energía ,$1.300,
,cormillot m8x power,$1.500,
,dantelli cookies naranja,$1.900,
,del turista chocolates todos,$9.900,
,dr cacao chocolate 70% almendras y coco,$10.900,
,dr cacao chocolate 70% sin azúcar ,$10.900,
,dr cacao chocolate 80%,$12.500,
,dr cacao chocolate 100%,$13.900,
,el quebradeño,$1.200,
,franks alfajor chocolate,$2.300,
,franks alfajor limon,$1.900,
,frabks alfajor frutilla,$1.900,
,galletita dantelli de limon,$1.100,
,mani tostado julicroc,$870,
,Palitos de maiz de queso - Julicroc x 65 grs,$1.300,
,batatas fritas julicroc 90grs,$2.300,
,Papas fritas cibullete/ chedar Julicroc x 70grs,$2.300,
,papas fritas asado julicroc,$1.620,
,Papas fritas Julicroc 70 grs,$2.000,
,pita chips ,$2.200,
,pochoclos organicos con sal marina,$1.150,
,pochoclos organicos dulces,$1.700,
,pochoclos organicos sweet & salty,$1.700,
,pochoclos organicos,$1.700,
,Tutucas julicroc,$1.800,
,Turrones Billiken ,$500,
"17 - GALLETITAS, CEREALES Y PAN SIN TACC",,$ por unidad,
,Anillitos de vainilla - Aglú x 500 grs,$4.750,
,ancestral bocaditos ,$2.000,
,,,
,angiola budin,$4.400,
,angiola crackers ,$3.300,
,angiola galletitas ,$2.800,
,angiola bañadas en choco,$4.700,
,angiola galletitas sin azucar,$2.800,
,angiola alfajor,$1.600,
,arrocitas tostadas choco con arándanos y choco naranja,$2.200,
,arrocitas sin sal,$1.900,
,arrocitas galletas arroz ,$1.900,
,arrocitas galletas arroz macrobioticas,$1.900,
,"arrocitas mini  caramel, queso, hierbas, chocolate, yogurt",$1.900,
,bizcochipá,$2.200,
,celibrand alfajor de maicena - pepas,$6.200,
,celibrand brownie - corazones de chocolate,$6.800,
,celienergy baño choco ,$4.700,
,celienergy nuez y chocolate,$2.500,
,crakines,$3.000,
,ergy mani y cacao,$1.900,
,nergy bañadas,$3.400,
, quinoa pop,$3.700,
, avenas,$3.000,
,dantelli cookies,$2.000,
,dantelli budin,$4.900,
,diabest,$3.000,
,delicel chipstoast,$1.300,
,deluxe alfajor de arroz,$1.300,
,deluxe galletas de arroz recubiertas,$3.500,
,deluxe galleta de arroz salada,$1.300,
,detuxe snack de maiz jamon serrano,$2.000,
,dimax pepas,$3.700,
,dimax galletas de vainilla,$3.000,
,dimax choco y miel,$3.000,
,dimax biscuits,$3.500,
,dimax biscochitos semillas,$3.000,
,dimax fajitas,$5.000,
,dimax biscochitos queso,$3.500,
,dimax palitos,$3.000,
,dimax pan rallado,$6.000,
,franks bizcochito semillas y queso,$2.800,
,franks galletitas,$3.400,
,halina ,$3.100,
,kapac galletitas ,$2.900,
,lennys pita chips ,$2.900,
,lovvit alm y garbanzos ,$3.950,
,lovvit coco- choco y naranja- limon- nuez,$3.600,
,Molino ala  crackers de arroz,$1.700,
,Molino ala tostada de arroz clasica,$2.000,
,Molino ala tostada de arroz integral ,$2.200,
,Molino ala tostada de arroz integral sin sal,$2.200,
,Molino ala tostadita de arroz,$1.700,
,naquet pritas y hojaldritas,$3.300,
,Natuzen - Bastoncitos de coco x 200grs,$2.800,
,Natuzen - Bizcochitos x 200 grs,,
,Natuzen - Cuadradas de coco x 110 grs,$2.400,
,Natuzen - Cuadradas de chocolate x 110 grs,$2.400,
,Natuzen - Lengüitas de limon,$3.200,
,Natuzen - Cookies,,
,Natuzen - Pepas x 200 grs,,
,Natuzen - Polvorones de naranja x 130 grs,,
,Natuzen - Polvorones de Vainilla x 130 grs,,
,Natuzen - Polvorones nevaditas,,
,Natuzen - Tapas de alfajor x 200 grs,,
,Natuzen - Rueditas de vainilla,$4.100,
,nina galletitas ,$3.700,
,nuestros sabores tostadas de arroz,$3.200,
,macrobioticas galletas de arroz todas ,$1.350,
,prat marineras ,$2.300,
,prat marinera bañada ,$3.900,
,prat galletitas choco rellenas,$1.700,
,prat galletitas aventura de choco,$2.300,
,Santa maria Obleas (limon - Frutilla),$2.800,
,santa maría oblea individual ,$1.600,
,Santa Maria x 200 grs TODAS,$3.600,
,Santa Maria - vainillas,$6.900,
,schar maria,$7.900,
,schar snack bañado en choco,$7.500,
,maria palitos de queso,$5.800,
,schar choco chips,$12.000,
,schar comflakes,$8.300,
,schar crackers,$13.500,
,schar galletitas maria,$9.900,
,schar grissini,$13.500,
,schar bolo chocolate ,$9.900,
,schar bolo de naranja,$9.900,
,Schar - pan blanco x 200 grs,$6.900,
,Schar - pan rustico multigrano,$7.200,
,schar pan hamburguesa,$6.500,
,schar pan frances,$6.600,
,schar pan de quinoa,$8.300,
,schar pan de molde,$4.300,
,schar pevet,$8.500,
,schar salinis,$5.400,
,schar salti,$9.500,
,schar mini sorrisi,$7.500,
,schar tostadas ,$8.900,
,schar wafer alla vaniglia,$7.500,
,schar papas fritas,$11.500,
,shiva semillas,$3.600,
,shiva pimenton,$3.600,
,shiva quinoa,$4.300,
,shiva sarraceno,$4.300,
,Smams - agridulces,$2.300,
,smams - bizcocho salado,$2.300,
,Smams - Budines x 200 grs,$5.600,
,Smams - Biscuits,$3.500,
,Smams - chips de chocolate,$3.900,
,Smams - chips de chocolate sin azucar,$3.000,
,Smams - Chocolate,$2.200,
,Smams - rellenas de vainilla x 105 grs,$1.900,
,Smams - Rellenas de frutilla x 105 grs,,
,smams- rosquitas,$2.600,
,Smams - pepas x 150 grs ,$2.900,
,smams pan de molde,$4.300,
,Smams - Crakers (s sal - C sal - C/),$2.900,
,Smams - Polvorones vainilla - coco - limon sin azucar,$1.800,
,Smams - Polvorones vainilla - coco - limon ,$1.800,
,viavita chalitas,$2.900,
18 - GOLOSINAS SALUDABLES,,$ por unidad,
,Alfajores Epuyen,$2.500,
,alfajores DOU,$2.400,
,alfajor dubai pasticcino ,$3.900,
,arbanit cubanitos,$1.200,
,arbanit alfajor,$1.800,
,alfajor amada,$1.700,
,alfajor cachafaz caja x6,$11.500,
,alfajor cachafaz caja x12,$22.900,
,alfajor cachafaz 72% cacao con almendras ,$3.400,
,alfajor cachafaz 72% cacao con almendras x 8 unidades ,$26.900,
,alfajor cachafaz negro,$2.000,
,alfajor cachafaz blanco ,$2.000,
,alfajor cachafaz caja x12 ,$22.900,
,alfajor cachafaz caja x6,$11.500,
,alfajor cachafaz mousse,$1.900,
,alfajor cachafaz maicena,$1.800,
,cachafaz conito dulce de leche,$2.000,
,cachafaz conito,$1.850,
,epuyen brownie,$2.000,
,alfajor ceral,$1.600,
,alfajor ceral con semillas,$1.300,
,alfajor goulis,$2.800,
,alfajor mueca con sal,$1.700,
,alfajor paticcino ,$3.800,
,arba cubanito classic,$800,
,arba cubanito veggie,$900,
,Barritas - Alma Fit ,$830,
,barritas atma,$3.200,
,barrita brava,$1.800,
,barrita brava proteica,$2.500,
,barrita brava fungi,$2.900,
,barrita donys,$1.000,
,barritas growbar premium cookie y cream - mani,$2.500,
,barrita growbar proteica frutilla -chocolate- banana - coco,$2.500,
,barrita pont,$2.900,
,barrita pont 40gr,$2.400,
,Barritas Wiki ,$1.700,
,Barritas integra (puro cacao - cajú y arandanos - girasol y arandanos - y nuez),$2.000,
,barritas integra proteicas,$3.000,
,Barritas integra (arandanos y choco y choco y mani),$1.800,
,barritas integra proteina (grises),$3.000,
,Barritas muecas (  y DDL - Pasas y Arandanos - Pasas y manzana - Cacao y avellana - pasas y ndras),$1.800,
,barrita mueca proteina,$2.200,
,bartita merlin foods coco,$1.650,
,barrita proteica merlin foods,$2.500,
,Barrita wake up,$900,
,Barritas Cereal mix,$900,
,Barritas Cereal Fort,$900,
,barrita ultratecha protein bar ,$3.500,
,barrita ultratech dubai y cyclist y runners,$400,
,bocadito marroc,$1.100,
,Bombones de higo con nuez,$600,
,Bombones de higo con almendras,$600,
,"ENA - Barritas proteinicas (  split, frutillas a la crema,brownie de chocolate, lemon pie)",$2.500,
,Barritas proteicas Kibar,$2.500,
,Barritas Orann,1600 x 100 grs ,
,barritas orann crunch y soft,4900,
,barritas orann surtidas,1000,
,Barritas Laddubar (Arandanos- Brownie - coco - chocolate - frutos rojos),$1.500,
,barrita laddubar gold,$1.750,
,laddubar proteina,$2.900,
,Bocadito integra,$1.600,
,Caramelos de Propóleo ,250 c/u,
,Caramelos de jengibre,150 c/u,
,Caramelos de Propóleo y mentol - 5 u.,,
,caramelos Silvestre,$300,
,caramelo miel,$300,
,caramelos en frascos,$17.500,
,Chocolatinas ,$450,
,chocolatinas DIMER,$900,
,Chococrock,$500,
,conito cachafaz ,$2.000,
,conito cachafaz x6,$9.900,
,drimer barra de chocolate dolae,$5.300,
,Higos con nuez,$280,
,iron bar barritas,$3.000,
,lindt excellence chocolate 70% cocoa,$13.800,
,lindt lindor milk bombones,$29.000,
,lindt excellence tableta orangev,$11.500,
,lindt swiss classic tableta con avellanas,$10.900,
,mantecol clasico 41 g,$1.400,
,marroc cachafaz,$1.200,
,marroc cachafaz caja x12,$10.900,
,marroc cachafaz caja x6,$5.500,
,marroc cachafaz x6,$5.500,
,marroc cachafaz x12,$10.900,
,nocola avellanas bañadas,$4.400,
,nocola avellanas bañadas sin azucar,$5.300,
,paquetes botones mani konffit,$2.950,
,paquete confites konffit,$1.800,
,paquete botones de ddl konffit,$3.200,
,pochoclos en paquete,$1.000,
,pochoclos organicos,$1.600,
,pochoclo organizo azucar,$2.100,
,tableta chocolate mueca con sal,$4.900,
,Turron,$350,
,Torroncino,$1.800,
,marroc cachafaz,$1.000,
,Menthoplus,$550,
,Membrilliros Sin tacc,$900,
,membrillo rubio x454gr,$3.500,
19 - HERBORISTERIA,,$ por 50 grs ,
,Alcachofa,$1.000,
,ajenjo,$900,
,Amargon - Diente de león,$1.400,
,Ambay,$1.300,
,Anacahuita,$550,
,Anís estrillado,$6.900,
,Arenaria o meona,$830,
,Boldo en hojas,$2.500,
,Burro en hojas,$1.900,
,Cardo mariano,$7.900,
,Congrosa,$500,
,Cascara sagrada,$2.000,
,Castañas de la india,$2.900,
,Carqueja,$1.000,
,Cedrón,$2.200,
,Centella asiatica ,$1.520,
,Cuassia,$1.500,
,Cola de caballo,$1.200,
,Diabet yuyos,Sin Stockl,
,Diente de leon,$750,
,Digest yuyos,480,
,Equinacea,2000,
,Espina colorada,400,
,Eucalipto mentolado,$800,
,Fucus,$490,
,Gabriola,$730,
,Gingko biloba,$2.400,
,gordolobo,$4.500,
,Hamammelis,$6.000,
,Hierba buena,$1.000,
,Hibiscus,$4.000,
,Hipericon,$9.500,
,Jarilla,$170,
,lavanda,$2.300,
,llanten,$1.800,
,Malva,$1.400,
,Manzanilla en flores (digestiva),$3.600,
,Marcela flores,$1.170,
,Matcha,$4500 x 25 grs,$9000 x 50 grs
,Melissa o Toronjil,$1.300,
,Menta,$2.800,
,Mil hombres,$650,
,Moringa,$3.000,
,Muña Muña,$1.600,
,Ortiga,$800,
,Pasionaria,$1.200,
,Palo azul,$850,
,Palo Santo,$550,
,Peperina,$2.420,
,petalos de rosa,$3.800,
,Pezuña de vaca,$1.400,
,Poleo,$1.700,
,Rompe piedras,$800,
,Rosa mosqueta,$730,
,ruda,$2.600,
,salvia blanca,$700,
,Sauce ,$600,
,Sauco,$600,
,Sen Hojas,$1.300,
,Sen Foliculo,$260,
,Stevia en hojas,$2.900,
,Té Blanco ,$10.900,
,Té negro,$500,
,Té rojo,$350,
,Té verde,$800,
,Tilo,$5.900,
,Uva ursi,$3.400,
,Uña de gato,$650,
,Valeriana,$4.600,
,Yerba de pollo,$1.200,
,Yuyito matero,$1.400,
,Zarzaparrilla,$220,
20 - INFUSIONES,,$ por unidad,
,Infusion Aromatica hechizo de amor,$900,
,infusión gin tonic,$11.900,
,de la selva manzanilla cedron ,$2.200,
,adelgafruta,$5.600,
,de la selva manzanilla ,$1.600,
,de la selva mezcla de hierbas ,$2.000,
,de la selva relajar,$2.200,
,café la virginia tostado,$7.000,
,la virginia té negro intenso ,$1.200,
,café saquitos,$5.900,
,la virginia te común ,$1.200,
,la virginia te chai,$2.100,
,la virginia te limon ,$2.200,
,la virginia manzanilla ,$1.800,
,la virginia te verde,$1.800,
,la virginia mezcla hierbas ,$2.500,
,la virginia fluir,$5.900,
,la virginia azafran,$2.000,
,la virginia coco,$2.000,
,la virginia esencia vainilla ,,
,delhi tea blend,$5.500,
,Delhi tea - Sweet flower lata,$11.700,
,Delhi tea TIERRA lata.,,
,Delhi tea sweet flower doypack,$7.150,
,Delhi tea tierra - aire- agua - fuego doypack,$8.450,
,Delhi tea frasco indian chai,$6.650,
,Delhi tea frasco chocolate,$6.650,
,Patagonia doypack hebras varios,$7.600,
,Patagonia lata hebras 80 grs varios,$14.900,
,mix botanico para gin tonic,$6.100,
,Te adelgazante- Saint Gottard x 20 saquitos,$300,
,Te moringa - Saint Gottard x 20 saquitos,$290,
,té cachamai hierbas digestivas amarillo,$1.700,
,té cachamai hierbas digestivas rosa,$1.700,
,té cachamai boldo,$2.200,
,té cachamai manzanilla ,$1.700,
,té cachamai tilo,$3.000,
,té cachamai té verde,$1.700,
,Té Heredia Adisol adelgazante x 25 saquitos,$1.830,
,Te Heredia Arandano x 25 saquitos,$810,
,Té Heredia cedron x 25 saquitos,$165,
,Te heredia curcuma y jengibre,$5.600,
,te heredia earl grey,$4.500,
,Te Heredia Femenino x 25 saquitos,$590,
,Te Heredia Harmony x 25 saquitos,$5.700,
,Te Heredia Hibiscus- enebro- te verde,$4.500,
,Té Heredia Herby x 25 saquitos,$165,
,Té Heredia Jengibre x 25 saquitos,$4.000,
,Te heredia limon y naranja,$950,
,Té Heredia manzanilla x 25 saquitos,$4.000,
,Té Heredia meditacion x 25 saquitos,$5.600,
,Té Heredia noche x 25 saquitos,$6.000,
,te heredia passion chai,$4.000,
,Te Heredia rooibois y jengibre,$6.500,
,Té Heredia Rojo x 25 saquitos,$290,
,Té Heredia Sedán x 25 saquitos,$4.500,
,Té Heredia Surtido Bienestar x 25 saquitos,$5.600,
,Té Heredia Surtido Clasico x 25 saquitos,$5.700,
,Té Heredia Surtido magico x 25 saquitos,$1.830,
,Té Heredia Surtido Monohierbas x 25 saquitos,$5.600,
,Te Heredia te verde con limon y naranja,$5.600,
,Té Heredia Verde x 25 saquitos,$4.000,
,Té Heredia Wang Lee oriental x 25 saquitos,$1.830,
,té hierbas silvestres TODOS,$2.500,
,Te oasis cedron,$860,
,te oasis mate cocido,$4.200,
,Te oasis pasionaria,$980,
,te inti zen calma andina,$5.208,
,te inti zen chaman chai,$4.900,
,te inti zeb golden chai,$5.300,
,te inti zen don juan,$5.200,
,te inti zen herbal mix,$5.700,
,te inti zen ilumine,$4.900,
,te inti zen inca rose,$4.900,
,te inti zen selección blend,$4.900,
,te inti zen matcha,$4.900,
,te inti zen silencio andino,$4.900,
,te inti zen patagonia bee,$5.200,
,te inti zen sweet chai,$4.900,
,te inti zen patagonia roobois,$5.700,
,te inti zen tres mentas,$5.200,
,te inti zen amazonia mango,$5.200,
,te inti zen blanco lychee,$5.200,
,te inti zen dulce manzanilla,$5.200,
,te inti zen inti yoga,$5.200,
,te inti zen vainilla zen,$5.900,
,te inti zen verde chai,$4.900,
,Te patagonia miel,$2.600,
,te patagonia arandano,$4.350,
,"Te patagonia boldo, menta y poleo",$860,
,Te patagonia mix seleccion especial,$5.700,
,"Te patagonia tilo, melisa, te vede y naranja",$860,
,Te patagonia clasicos y frutales,$5.700,
,te saint gottard antiestres,$3.300,
,Te patagonia arandano rojo ,$5.500,
,Te patagonia Pu erh,$5.650,
,Te patagonia vainilla,$4.400,
,Te patagonia rosa mosqueta y manzanilla,,
,te patagonia rosa petalos,$4.350,
,te patagonia chocolate y menta,$4.350,
,te patagonia limon,$4.350,
,te patagonia naranja,$2.600,
,te oatagonia jazmin y te verde,$4.350,
,te patagonia mix clasicos y frutales,$5.700,
,te patagonia selección especial ,$5.700,
,té PFT arandano azul con naranja,$4.400,
,té PFT rojo con Vainilla,$4.400,
,té PFT frio arandano,$4.350,
,té PFT frio limonada con jengibre ,$4.350,
,té PFT naranja ,$2.600,
,té PFT miel,$2.600,
,té PFT limon ,$4.400,
,té PFT jazmin,$4.350,
,Té PFT vainilla,$3.200,
,té PFT te negros  con chocolate y ment,$4.350,
,té PFT rosa mosqueta y manzanilla,$2.600,
,té PFT pétalos de rosa,$4.350,
,te  saint gottard antiestres,$3.300,
,Té Saint Gottard Boldo ,$3.100,
,Té Saint Gottard buena linea,$4.900,
,Té Saint Gottard frutos rojos,$5.450,
,"te saint gottard chai, rosa mosqueta y canela$6.900",$6.900,
,Té Saint Gottard Cedron,$2.220,
,te saint gottard chai,$5.450,
,Té Saint Gottard diabetes,$4.900,
,te saint gottard detox,$4.900,
,Té Saint Gottard diuretico,$4.200,
,te saint gottard dulces sueños,$3.350,
,te  saint gottard invernal,$3.900,
,"Té Saint Gottard lima, jengibre, limon y menta",$5.500,
,Té Saint Gottard limonada rosa,$5.500,
,Té Saint Gottard Manzanilla,$3.000,
,Té Saint gottard Presión ,$4.900,
,Té Saint Gottard prostata ,$3.900,
,te  saint gottard rosa mosqueta ,$5.450,
,Té Saint Gottard sedante,$4.900,
,te saint gottard- tilo,$3.400,
,Te Verde - Saint Gottard ,$2.300,
,te saint gottard variedad frutal,$6.100,
,Té Saint Gottard te negro ,$2.500,
,Té Saint Gottard yoga sen,$3.900,
,Te verde/negro organic,$3.900,
,Te negro organico chai,$3.500,
,yerba canarias,$8.900,
,yerba canarias serena 500gr,$8.900,
,yerba canaria serena 1kg,$15.900,
,yerba canarias te verde y jengibre ,$8.900,
,yerba canarias edición especial ,$8.900,
,yerba canarias 1kg,$13.900,
,yerba de la selva suelta,$4.000,
,yerba de la selva 1/2kg,$4.100,
,yerba de la selva con hierbas,$4.800,
,yerba de la selva barbacoa 1/2kg,$4.550,
,yerba de la selva barbacoa de 1kg,$8.700,
,yerba la buena ,$2.000,
,yerba la merced,$4.900,
,yerba mate agroecologica magia algarroba,$6.900,
,Yerba mezcla matinal,$1.500,
,yerba frontera TODAS,$6.000,
,yerba silvestre suave,$8.900,
,yerba silvestre organica,$8.900,
,yerba silvestre n4  modela,$5.500,
,yerba silvestre n1 sueva,$5.500,
,yerba silvestre n2 memoriun,$5.500,
,yerba silvestre n5 bienestar,$5.900,
,Yerba Boldo - Verde flor x 500 grs,$2.500,
,Yerba Cedron - Verde flor x 500 grs,,
,Yerba Hierbas serranas - Verde flor x 500 grs,,
,Yerba Hierbas serranas - Verde flor x 250 gs,,
,Yerba menta - Verde flor x 500 grs,,
,Yerba naranja - Verde flor x 500 grs,,
,Yerba Peperina - Verde flor x 500 grs,,
,Yerba Kalena (Celeste) x 500 grs,$6.600,
,Yerba Kalena (roja) x 500 grs,$5.900,
,yerba cachamate todas,$3.200,
,Yerba roapipó,$5.200,
,Yerba Organica suelta kalena azul x kg,$10.900,
,yerba organica con moringa ,$8.350,
,yerba dicomere sin tacc organica,$7.600,
,yerba organica oasis,$5.900,
,yerba mate&co molienda tradicional ,$9.500,
,yerba mate&co molienda especial,$11.500,
21 - LEGUMBRES,,$ por kilo ,
,Arroz integral,2500 xKG   1250x500gr,
,Arroz Carnaroli,4300xKG    ,
,arroz koshi,$4.300,
,Arroz Yamaní,$4.000,
,Arroz Basmati,7500 xKG,
,arroz yamani molinos ala,$3.000,
,arroz carnaroli molinos ala,$3.000,
,Arvejas enteras,$2.200,
,Arvejas partidas,$2.400,
,Cebada perlada,$1.900,
,Garbanzo,$3.600,
,Germen de trigo,$3.200,
,Lentejas,$4.700,
,lentejon,$5.500,
,Lentejas turcas (rojas),$2500 x 250 grs,$ 9800 x kg
,Maiz blanco Partido,$3.500,
,Maiz Colorado,$190,
,Maíz Pisingallo,$1500x 500 grs,$3.000
,Porotos Adzuqui,$2.900,
,Porotos alubia,$5.500,
,Porotos Bolitas,$330,
,Porotos colorados,$4.300,
,Porotos de soja,$3.200,
,Porotos Lupines,$5.200,
,lupines cristo de los cerros,$3.700,
,Porotos Mung,$2.300,
,porotos manteca,$9.900,
,Porotos negros,$3.800,
,Porotos Pallares,$9.900,
,trigo candeal ,$4.000,
,SIN TACC garbanzo paquete 400gr,$2.000,
,SIN TACC arvejas enteras paquete x400gr,$2.000,
,SIN TACC lentejas paquete x400gr,$2.800,
,SIN TACC porotos negros paquete x400gr,$2.000,
22 - MERMELADAS Y DULCES,,x 1/2 kilo ,$ por kilo 
,Dulce de batata,$380,$3.750
,Dulce de membrillo,$650,$6.500
,,$ por unidad,
,arrope uva,3100,
, bee pure,7150,
,Dulce de batata s/ azucar Orieta x 400 grs,4900,
,dulce de leche cachafaz,7508,
, magdalena de coco (vegano),$8.300,
,"Dukce de leche d, madalena con stevia",$8.900,
,dulce de leche doña magdalena con splenda,$6.900,
,dulce de leche doña magdalena protein,$9.800,
,dulce de leche sin azucar con cacao,$7.900,
,dulce de leche doña Magdalena de coco sin azucar,$8.900,
,Dulce de leche magdalena sin azucar y sin fructuosa,$8.100,
,dulce de leche 0% lactosa,$6.500,
,dulce de leche estilo campo ,$5.100,
,dulce de leche savona,$10.300,
,Dulce de leche Singluko endulzado con Stevia x 400grs,$8.900,
,Dulce de leche Singluko endulzado con Splenda x 400 grs,$7.300,
,dulce de leche kony ,$8.900,
,dulce de leche trini repostero,$23.000,
,dulce de leche Trini 400gr,$9.500,
,dulce de leche trini 200gr,$7.300,
,dulce de leche aleluya con miel,$9.900,
,Dulce de membrillo s/ azucar Orieta x 400 gr,$6.400,
,Dulce de ciruela entonces sweet,$7.500,
,dulce de damascos entomces sweet,$7.500,
,dulce de frutilla entonces sweet,$8.100,
,dulce organico natural masseube fruto del bosque,$8.500,
,"dulce organico masseube frutilla, arandanos",$7.600,
,dulce organico masseube frambuesa,$9.900,
,dulce patagonico herencia de ciruela,$4.400,
,Higos en almíbar ,$2.800,
,mermelada doña magdalena sin azucar frutilla y duraznos ,$8.900,
,mermelada doña magdalena light sin azúcar arandanos,$8.900,
,mermelada doña magdalena frutos del bosque,$9.900,
,mermelada La Tranquilina arandano x240grs ,$8.500,
,mermelada La Tranquilina durazno x240gr,$8.700,
,mermelada La Tranquilina frutilla x240gr,$8.700,
,mermelada La Tranquilina frutos rojos x240gr,$9.200,
,mermelada La Tranquilina arandano x400gr,$7.800,
,mermelada La Tranquilina durazno x400gr,$7.800,
,mermelada La Tranquilina frambuesa x400gr,$9.000,
,mermelada La Tranquilina frutilla x400gr,$7.800,
,mermelada La Tranquilina frutos del bosque x400gr,$7.800,
,mermelada La Tranquilina membrillo x400gr,$6.800,
,mermelada La Tranquilina arandano ligth x 330gr,$8.500,
,mermelada La Tranquilina ciruela ligth x330gr,$7.300,
,mermelada La Tranquilina cítricos ligth  x330gr,$7.300,
,mermelada La Tranquilina durazno ligth x330gr,$8.500,
,mermelada La Tranquilina frambuesa ligth x330gr,$9.800,
,mermelada La Tranquilina frutilla ligth x330gr,$8.500,
,mermelada La Tranquilina frutos del bosque ligth x330,$8.500,
,mermelada La Tranquilina membrillo ligth x330gr,$7.300,
,mermelada La Tranquilina sauco ligth x330gr,$7.300,
,mermelada La Tranquilina frutilla y mango ligth x 330gr,$8.500,
,mermelada maseubbe arándanos ,$7.500,
,mermelada masseube frambuesa ,$7.900,
,mermelada masseube frutillas ,$7.500,
,mermelada masseube frutos del bosque ,$7.700,
,mermelada masseube rosa mosqueta,$7.500,
,mermelada masseube zarzamora ,$7.700,
,mermelada el brocal durazno- naranja- ciruela- cieruela y naranja,$5.000,
,mermelada el brocal higo,$5.500,
,mernelada el brocal  - frutilla - naranja light- ,$6.900,
,mermelada el brocal frutilla light,$8.300,
,mernelada el brocal ciruela light,$6.900,
,mermelada el brocal arándanos ligth,$9.300,
,mermelada el brocal frutos rojos,$7.408,
,mermelada el brocal frutos rojos ligth,$7.400,
,mermelada huertana TODAS,$9.900,
,mermelada light masseube rosa mosqueta,$6.900,
,mermelada light masseube arandano,$7.500,
,mermelada light masseube frutilla ,$7.500,
,"mermelada light masseube frutos del bosque, frambuesa",$7.900,
,"mermelada arandanos, frutilla, durazno y maracuya cambalache",$4.000,
,mermelada bee pure arandanos - frutilla,$3.350,
,mermelada bee pure durazno,$2.000,
,mermelada light bee pure arandanos 450gr,$5.000,
,mermelada ligth beepure arándano 270gr,$4.300,
,mermelada light bee pure frutilla,$4.400,
,mermelada beepure ligth frutos del bosque ,$5.500,
,Mermelada dietetica (Frutilla- arandanos- ciruela - frutos rojos) SIN  x 280 grs Cuarto Creciente,$5.200,
,aaa,$3.250,
,Mermelada dietetica durazno c/  x 400 grs Cuarto Creciente,$5.200,
,Mermelada dietetica Arandanos c/  x 400 grs Cuarto Creciente,,
,Mermelada dietetica Higo c/  x 400 grs Cuarto Creciente,,
,Mermelada dietetica Frutilla c/  x 400 grs Cuarto Creciente,,
,Mermelada dietetica Frutos rojos c/  x 400 grs Cuarto Creciente,,
,mermelada nuestras manos ciruela-durazno-manzana,$4.300,
,mermelada nuestras manos frutilla-arandanos,$7.400,
,mermelada patagonia arandanos - frutilla x 350g,$8.250,
,mermelada patagonia frambuesa - frutos del bosquex 350g,$11.850,
,mermelada recetas de entonces  ciruelas ,$7.900,
,mermelada recetas de entonces damasco ,$7.900,
,mermelada recetas de entonces durazno ,$7.900,
,mermelada recetas de entonces frutilla,$8.500,
,mermelada recetas de entonces zapallos en almíbar ,$8.900,
,mermelada kony  arándano ,$8.900,
,mermelada kony frutilla ,$6.500,
,mermelada kony durazno ,$6.500,
,mermelada patagonia x 250g frutilla light,$7.400,
,mermelada savona frutilla,$8.700,
,mermelada savona frutos rojos,$8.900,
,mermelada savona higo,$7.500,
,mermelada savona durazno y maracuya,$8.500,
,mermelada savona arandano,$10.300,
,mermelada savona ciruela,$7.500,
,mermelada singluko frutos del bosque,$5.000,
,mermelada singluko ciruela,$3.500,
,mermelada singluko higo,$3.600,
,mermelada singluko frutilla,$4.500,
,mermelada singluko naranja,$3.800,
,mermelada singluko arándanos ,$6.200,
,mermelada singluko zapallo,$3.600,
,masseube mermelada arandanos y membrillo,$5.700,
,masseube mermelada frambuesas y tomate ,$7.400,
,masseube manzana romero y canela ,$5.700,
,maple syrup gold 250cc,$18.500,
,piuke dulces patagonicos,$7.400,
,zapallo en almíbar ,$3.900,
23 - MIEL,,$ por unidad,
,Miel pura x 250 grs,$2.800,
,Miel pura x 500 grs,$4.200,
,avo miel x250gr,$4.500,
,avo miel x500gr,$7.000,
,avo miel x900gr,$12.000,
,avo polen,$5.000,
,aleluya miel liquida 500gr frasco,$7.300,
,aleluya miel liquida con naranja 250gr squezze,$4.900,
,aleluya miel liquida con naranja y canela squezze 250gr,$4.900,
,aleluya miel liquida organica frasco 500gr,$9.200,
,aleluya miel untable frasco 500gr,$7.300,
,aleluya miel liquida dosificador 470gr,$7.300,
,aleluya miel con nueces,$5.900,
,miel honey x300gr,$4.200,
,miel honey x 500gr,$5.600,
,miel honey x 1kg,$8.000,
,Miel Multifloral x 500 grs,$5.000,
,Miel Multifloral x 1 kg,$7.600,
,Miel pausa x 250 grs,$2.550,
,Miel pausa por 500 grs,$4.000,
,miel el brocal,$4.800,
,miel santa rita x 250 grs,$2.500,
,miel santa rita x 500 grs,$3.500,
,Miel organica pampa gourmet,$7.200,
,miel germá,$5.600,
,miel beepure cremosa,$6.500,
,miel beepure liquida,$5.900,
,dicomere golden syrup,$4.500,
,savona ,$8.700,
24 - PASTAS (APTAS PARA DIABETICOS),,$ por unidad,
,Fideos Diet morron x 300 grs - Ceral,$1.910,
,Fideos Ceral integrales x 300 grs,$3.600,
,fideos ceral integrales tirabuzon,$3.400,
25 - PASTAS SIN TACC,,$ por unidad,
,doña rosa (cabello de angel - al huevo - multivegetales - municiones),6000,
,doña rosa caseritos morron,6000,
,doña rosa dedalitos,6000,
,el colono pasta laminada (morron- espinaca),3700,
,Fideos Soyarroz - espinaca - morron  300 grs,$4.500,
,Fideos Soyarroz tradicionales x 300 grs,,
,Fideos de arroz integral -Soyarroz x 300 grs,,
,Fideos de arroz thani ,$1.250,
,Fideos Wakas garbanzo/poroto negro y alubia,$7.300,
,fideos wakas quinoa/maiz/amaranto/kale/,$4.500,
,fusilli schar,$6.700,
,penne schar,$6.700,
,spaghetti schar,$6.700,
26 - PASTAS Y MANTEQUILLAS DE MANI ,,$ por unidad ,
,Mantequilla de maní fit fruit ,$3.800,
,beepure ,$3.950,
,crema de pistacho felices las vacas,$37.900,
,doña magdalena con y sin stevia,$5.500,
,Pasta de maní croppers,$4.500,
,delis,$3.000,
,pasta de mani dec,$4.900,
,pasta de mani con miel aleluya,$4.900,
,Pasta de maní King x 500 gs,$6.200,
,Pasta de mani king 245 grs,$2.800,
,Pasta de mani Entrenuts,$3.800,
,pasta de mani entrenuts 1kg,$9.900,
,pasta de mani entrenuts proteica,$5.900,
,pasta de mani entrenuts suelta  xkg,$8.000,
,pasta de mani nina's 380grs,$4.500,
,Pasta de mani Oddis ,$3.900,
,pasta de mani oddis creamy,$4.100,
,pasta de mani bee pure,$5.400,
,pasta de mani salvá,$5.900,
,dicomere crema de avellana,$11.900,
,dicomere pasta de almendras ,$7.300,
,mantequilla de mani savona,$4.800,
,mantequilla de mani con ddl temtation,$5.900,
27 - PREMEZCLAS Y REBOZADORES SIN TACC,,$ por unidad,
,Aglú - rebozador de arroz x 450 grs,$3.700,
,amadda premezcla universal,$5.900,
,amadda rebozador,$5.900,
,123 listo volcan de chocolate ,$5.700,
,123 listo premezcla brownie,$4.900,
,chía x150gr,,
,avena bio gluten free life,$5.900,
,glutal premezcla panificados 1 kg,$5.400,
,chacabuco premezcla para queso,$3.100,
,chacabuco premezcla blend harinas,$2.900,
,chacabuco premezcla masa madre,$3.100,
,chacabuco premezcla pastas,$3.100,
,chacabuco premezla swmillas,$1.900,
,chacabuco premezcla  para pan y pizza,$3.100,
,chacabuco harina leudante ,$1.600,
,chacabuco  fina,$1.700,
,chacabuco harina de trigo integral + legumbres,$3.100,
,chacabuco harina integral fina,$2.450,
,chacabuco semolin ,$1.800,
,Delicell - premezcla para pan,$4.000,
,Delicell - Premezcla para pizza,$4.000,
,Delicell - premezcla universal,$4.000,
,Delicell - Bizcocuelo de vainilla - Chocolate- naranja,$4.000,
,Dulicell - premezcla ñoquis,$5.400,
,Delicell - Rebozador ,$4.000,
,dicomere avena ,$5.500,
,dicomere azúcar mascabo,$4.000,
,dicomere azúcar organica,$6.650,
,dicomere  bicarbonato 50gr,$1.000,
,dicomere bicarbonato 200gr,$2.700,
,dicomere cacao amargo puro,$6.900,
,dicomere café de algarroba,$5.400,
,Dicomere leche de coco,$13.500,
,Dicomere harina de algarroba,$3.350,
,Dicomere harina de almendras,$12.900,
,dicomere harina universal integral proteica,$6.300,
,dicomere harina de arroz,$3.800,
,dicomere harina de arvejas,$2.400,
,dicomere harina lenteja,$5.400,
,dicomere harina de garbanzo,$2.200,
,dicomere harina de coco,$5.000,
,dicomere rebozador ,$3.000,
,dicomere polenta,$1.800,
,dicomere mix semillas ,$6.500,
,dicomere harina de sorgo - harina de quinoa,$3.900,
,dicomere harina de trigo sarraceno,$4.600,
,dicomere harina arroz yamani,$2.800,
,dicomere harina integral ,$3.350,
,dicomere fecula mandioca - fecula maiz,$2.800,
,dicomere polvo hornear 50gr,$800,
,dicomere polvo para hornear 250gr,$4.200,
,dicomere premezcla pizza,$2.800,
,dicomere premezcla pan ,$2.800,
,dicomere soja texturizada ,$2.300,
,premezcla universal,$2.800,
,dicomere arina fina y gruesa,$2.500,
,dicomere arina para carnes rojas ,$2.800,
,dicomere soja texturizada,$2.300,
,dicomere texturizado garbanzo,$3.600,
,dicomere texturizado arveja ,$2.800,
,dicomere psyllium 100gr,$9.900,
,dicomere quinoa pop,$3.800,
,dimax fecula mandioca,$3.400,
,dimax almidón de maiz,$2.800,
,dimax harina de arroz,$3.200,
,dimax premezcla multiple 1kg,$7.200,
,dimax premezcla multiple 500gr,$3.900,
,celidarina harina de maiz,$2.950,
,celidarina harina de sorgo,$3.400,
,celidarina harina de trigo sarraceno,$3.950,
,natuzen premezcla 1kg,$6.900,
,mac zen rebozador de arroz,$2.500,
,Natuzen rebozador,$2.700,
,natuzen premezcla panadería y reposteria ,$6.900,
,schar premuim 500gr,$8.200,
,smams pan rallado ,$2.950,
,Sta Maria - Premezcla roja y verde x 1 kg,$8.700,
,santa maria rebozador 500gr,$5.400,
,yamay premezcla universal ,$4.500,
,yamay gelatina sin sabor,$2.900,
,yamay cacao amargo,$8.700,
,yamay bicarbonato 50gr,$1.300,
,cacao amargo el castillo,$7.300,
28 - PRODUCTOS ARCOR,,$ por unidad,
,Chocolate Aguila Blanco/ Negro x 100 grs,$4.900,
,Chocolate Aguila Blanco/ Negro x 150 grs,$2.950,
,Baño de Reposteria Semi Amargo x 150 grs ,$2.950,
,chocolate aguila 80% cacao x70gr,$6.500,
,chocolate aguila 70% cacao 70gr,$5.900,
,chocolate aguila 60% cacao con naranja 70gr,$5.500,
,Chocolate Extra 60% cacao ,$11.500,
,chocolate aguila al 60% con naranja,$8.500,
,Chocolate Aguila 70% cacao ,$12.500,
,chocolate aguila 80% aguila,$10.400,
,chocolate aguila con almendras y cremoso,$8.500,
,untable block y bon o bon,$4.850,
,aguila suelto,4300,
,aguila suelto  60%,5400,
,aguila suelto 70%,7000,
,barrita raptor,3600,
,creatina bagó,49900,
,proteina bagó,79000,
,menthoplus,1000,
,colageno bagó,43900,
,simple vitalidad bagó,12900,
,turrones,500,
,barritas,1500,
,cofler estilo dubai,3500,
29 - PRODUCTOS LA FRANCIA ,,,
,pan tradicional ,5900,
,pan multicereal,5900,
,pan salvado,5900,
,pan integral ,5900,
,pan calabaza ,6900,
,pan sin sal,5900,
,pan tres harinas,5900,
,pan zapallo y cúrcuma ,6900,
,pan activo ,5900,
,wraps de salvado ,6900,
,tortilla de trigo,3700,
,pepas membrillo ,3900,
,pepas algarroba ,3900,
30 - PRODUCTOS VEGETARIANOS Y VEGANOS,,,
,alfajor mueca,$2.200,
,animal alfajor kind avellana,$1.700,
,animal alfajor kind limon- mani,$1.300,
,animal alfajor kind bañado,$1.400,
,alfajor felices las vacas pistacho ,$4.700,
,"animal pistachos s/casc, crema, barbacoa ",$3.900,
,animal pistachos salados con cascara,$2.500,
,alfajores felices las vacas,$2.500,
,felices las vacas mani,$2.400,
,felices las vacas le choc,$1.900,
,Albumina de huevo (30 claras),$16.900,
,beepure cookies,$1.800,
,biba leche avena,$1.900,
,biba leche almendras ,$3.300,
,biba leche quinoa,$3.300,
,bruscheta esenia,$3.500,
,"barritas display arandanos y ndras, caju zapallo y ndra coco",$1.000,
,barritas display avena coco y lino - avrna pasas y  - cacao mani y cafe,$1.800,
,chucrut con curcuma narda lepes,$5.300,
,ajos con miel narda lepes,$3.850,
,girgola a las 3 pimientas cambalache,$8.000,
,champignoned con tomates secos cambalache,,
,girgola a las finas hierbas,,
,humus,$4.600,
,hummus de garbanzo felices las vacas,$2.900,
,hummus de palta y oliva felices las vacas ,$4.900,
,guiso de lentejas - risotto al pesto - risotto napolitano,$4.250,
,humus recetas de entonces,$4.450,
,leche de coco en polvo ,3500 x100gr,
,leche de avena barista naveia,$7.800,
,leche almendras amande ,$6.750,
,leche almendras liviana amande ,$5.700,
,leche almendras y mani amande,$4.450,
,leche almendras coco amande,$5.800,
,leche quinoa BIBA,$3.800,
,leche avena BIBA,$2.100,
,Leche de  almendras con y sin azucar - SILK ,$4.900,
,Lche de coco silk,$4.900,
,leche cocoon ndras,$6.300,
,leche cocoon coco,$4.900,
,leche de ndras pampa vida,$3.850,
,mayonesa vegana,$3.850,
,mayonesa vegana organica pampa gourmet ,$7.900,
,mostaza dijon suave,$6.100,
,Milanesas de soja deshidratadas ,2300 x 100 grs,$23000 x kilo 
,Multi Natural Seed - sin TACC,$810,
,molé barritas cereal ,$1.800,
,molé levadura en copos,$7.900,
,molé pancakes,$16.900,
,dellisola pasta de aceitunas negra ,$6.400,
,dellisola pasta de  ,$6.250,
,pasta de aceitunas cristo de los cerros,$4.100,
,dellisola pasta de esparragos,$7.650,
,dellisola mayonesa,$4.200,
,dellisola tahine,$9.100,
,pepinillos en vinagre,$6.650,
,pate de girgolas con p. d jamaica,$5.300,
,pate de girgolas y alioli,,
,pickles mixtos.,$3.700,
,pimiento morrones enteros,$6.550,
,porotos condimentados en aceite,$5.950,
,premezcla bolitas de lenteja - falafel - nuggets de pollo - torrejas de arvejas,$3.750,
,polenta mediterranea - risotto de hongos - sopa energetica- arroz al curry,$2.600,
,Premezcla hamburguesa vegetal ,$1.110,
,Rawmesan Natural Seed,$6.400,
,rawmesan crudencio,$3.200,
,rincon vegano pepas ,$2.200,
,sopa thai,$3.100,
,tomates secos condimentados,$8.250,
,Veggie ks cebolla - pizza - BBQ,$1.050,
,veganesa con zanahoria ,$5.900,
,veganesa a la provenzal,$5.900,
,veganesa tipo golf,$5.900,
,sri sri acondicionador,$6.900,
,sri sri jabon ayurvedico,$4.000,
,sri sri crema aloe vera y ndra,$13.900,
31 - REPOSTERIA,,$ por 100 grs,$ por kilo
,almendras con chocolate ,5900,59000
,arandanos con chocolate,3900,39000
,alfajorero,1860,18600
,Amaretis ,1400,14000
,Anillos de limon,650,6500
,Azucar impalpable,$800x 250 grs,3100
,Azucar impalpable talco,$1180 x250grs,4700
,Azucar comun  x 1 kg,1800,
,azucar de coco,2900,29000
,azúcar de coco oh yeah,18500,
,azucar de flor de coco 250 grs,10250,
,Azucar de caña,790,7990
,azucar de caña Brotes ,6900,
,Azucar negra,350,35000
,Azucar Rubia,330,3³00
,Azucar rubia organica,2800,
,Azucar Mascabo,$500,$5.000
,azúcar mascabo paquete 500gr,$3.900,
,azucar mascabo organica frasco,$3.150,
,bananitas con chocolate,$4.900,
,Baño de chocolate repostero blanco mapsa,$1.200,$12.000
,Baño de chocolate repostero negro mapsa,$1.200,$12.000
,bicarbonato de sodio,$400,$4.000
,Biscuits,$1.800,$18.000
,Bombones de fruta (uva- mandarina- frutilla),$2.200,$22.000
,Cacao amargo,$2.500,$25.000
,Cacao alcalino,$1.900,$19.000
,cacao natural,$3.000,$30.000
,cacao amargo DR CACAO,$8.900,
,Canela en polvo,$1.800,$18.000
,canela en polvo premium ,$3.500,$35.000
,Canela en rama,$2500x 25 grs ,$10000 x kilo
,Cascarilla de cacao,$1.000,$10.000
,Cerezas al marraschino,$1.600,$16.000
,chips granulado ,$1.400,$14.000
,chocolate aguila suelto,$4.000,$40.000
,Chips chocolate semiamargo,$2.600,$26.000
,Chips de chocolate negro - blanco Mapsa,$2.000,$20.000
,Chocolate mapsa cuber (boton) x 500 grs,9000 paquete $1800 x100gr,
,Chocolate 100% cacao colonial x kg,$7.300,$73.000
,chocolate barritas 70% y 80% el colonial 16gr ,$1.000,
,chocolate el colonial baño de reposteria ,$2.400,$24.000
,chocolate el colonial blanco sin azucar,$4.600,$46.000
,Chocolate amargo al 70% colonial x kg,$5.900,$59.000
,Chocolate amargo al 70%  con stevia colonial x kg,$5.900,$59.000
,Chocolate amargo al 80% colonial x kg,$5.900,$59.000
,Chocolate sin azucar colonial x kg,$4.800,$48.000
,chocolate con leche sin azúcar el colonial xkg,$4.800,$48.000
,Chocolate al 55% Colonial Sin azucar,$5.500,
,Chocolate Colonial para taza,$5.600,
,Chocolate al 70% con stevia - colonial,$5.700,
,chocolate colonial organico 60%,$6.800,
,chocolate colonial organico 70%,$6.800,
,chocolate colonial organico 80%,$3.190,
,Chocolate Granulado,$2.000,$20.000
,chocolate easy mapsa,$2.800,
,chocolate LACASA tableta de chocolate con pistacho,$12.900,
,chocolate LACASA tableta 70% chocolate con  naranja ,$12.900,
,chocolate LACASA tableta chocolate con leche,$12.900,
,chocolate LACASA tableta 70% chocolate con menta,$12.900,
,chocolate CACHAFAZ leche con almendras ,$7.900,
,chocolate CACHAFAZ semiamargo,$7.900,
,Coco rallado prensado (común),$1.200,$12.000
,Coco  en escamas ,$1500 x 50 grs,
,Crema Ledevit  chantilly/merengue en polvo x 250 grs,$5.890,
,Cremor tartaro APD,$1.900,$19.000
,Crocante de Maní,$900,$9.000
,Crocante de maní con chocolate negro,$900,$9.000
,dulce de leche vacalin,$6.900,
,dulce de leche santa lucia,$5.400,
,dulce de batata,$450,$4.500
,dulce de membrillo,$450,$4.500
,Esencia pan dulce ,$1.200,
,Esencia de vainilla suelta,$1.000,
,Esencia vainilla,$1.440,
,esencia vainilla x30,$1.400,
,extracto vainilla el castillo,$7.500,
,esencia vainilla procal,$2.000,
,extracto de malva,$5.300,
,esencia azahar,$1.900,
,el procal azahar,$5.000,
,el procal pan dulce,$5.000,
,el procal gelatina sin sabor,$2.500,
,el procal vainilla,$1.900,
,Esencia ndras- limon - frutilla -,$340,
,Fondan Ballina x kilo,$6.500,
,Fondan ballina blanco x 500 grs,$4.700,
,Fondan ballina de colores x 500 grs,$4.700,
,Galletitas sueltas chips chocolate,$460,$4.600
,Galletitas sin sal sueltas,$650,$6.500
,Gelatina sin sabor,$4.400,$44.000
,Granas corazon negras - rojas,$800,$8.000
,Granas de colores,$800,$8.000
,Granas plateadas,$800,$8.000
,Grasa oleomargarina,$390,$3.900
,Gomitas multicolor y eucalipto,$1.100,$11.000
,gomitas dori,$1.500,
,gomitas acidas,$1.200,
,gomitas anillos,$1.100,
,harina leudante ,1900,
,Huevos,$3500 x docena,$8400 por maple
,huesitos,3500,
,ledevit crema,$5.700,
,ledevit macarron,$1.430,
,Malta molida - Maltarina,$180,$1.800
,malvaviscos x 50 grs,$800,
,Mantequitas ,$650,$6.500
,Mani con chocolate colonial,$780,$7.800
,Mani con cobertura de chocolate negro,$3.000,$30.000
,Marmoladas,$750,$7.500
,Margarina Calsa Premiunm,$750,$7.400
,Marroc,$1.900,$16.000
,Micro cereal cobertura de leche,$2.900,$29.000
,Micro cereal con chocolate multicolor,$2.900,$29.000
,Micro Galletita con chocale blanco,$2.900,$29.000
,Micro Galletita con chocolate de leche,$2.900,$29.000
,Mini Galletitas de chocolate Blanco- Negro,$2.900,$29.000
,Mini Galletitas de chocolate multicolor,$2.900,$29.000
,Merengue ledevit en polvo,$5.890,
,Merengues,$1.700,
,Morochitas,$900,$9.000
,Mousse de chocolate ledevit en polvo 250 grs,$4.640,
,Mousse Frutilla,$2.500,$25.000
,Mousse Chocolate,$2.500,$25.000
,MTK - manteca,$1.000,$9.800
,nuez pecan bañada en chocolate ,$4.300,
,Pasas de uva bañadas en chocolate,$3.900,$39.000
,Pasta de relleno avellana Micky x 450grs,$8.900,
,Pasta de relleno almendra x 450grs,$4.400,
,Pasta de relleno bananita x 450 grs,$4.500,
,Pasta de relleno chocolate x 450 grs,$6.500,
,Pasta de relleno de frutilla x 450 grs,$3.500,
,pasta de relleno de limon x450grs,$3.500,
,Pasta de relleno de maní x 450 grs,$5.500,
,Pasta de relleno de menta x 450 grs,$4.500,
,Pasta de relleno tiramisú x 450 grs,$3.500,
,pitillos,$1.700,$17.000
,Pitusas ,$850,$8.500
,Polvo de hornear,$1.400,$14.000
,Premezcla bizcochuelo,$240,$2.380
,Premezcla brownie,$1.200,$12.000
,Premezcla Budin,$500,$5.000
,Premezcla Chantilly,$2.400,$24.000
,Premezcla Crema pastelera,$980,$9.800
,premezcla ,$1.200,
,Premezcla Muffins,$240,$2.380
,Premezcla pan de queso,$560,$5.600
,Premezcla Pan dulce ,$450,$4.500
,Rocklets de chocholate multicolor,$2.900,$29.000
,Tapas de alfajores,$800,$8.000
,Vainillas,$1.400,
32 - SALES,,$ por 100 grs,
,Sal del himalaya fina,$340,$3.400
,Sal del himalaya gruesa,$500,$5.000
,,$ por unidad ,
,arina gruesa x 500 grs  - Macrozen,$2.700,
,Sal marina fina x 500 grs - Macrozen ,,
,sal marina pranamar 32gr,$9.900,
,sal fina dicomere,$2.500,
,Sal marina fina Suelta,400 x 100 grs,
,sal del himalaya,$350,$3.500
,Sal Marina D.Singh - Sal ajo x 70 grs,$7.500,
,Sal marina D. Singh x 140 grs,$12.000,
,Sales sin sodio (finas hierbas - apio - natural - especias) x 170 grs,$10.500,
,Sales sin sodio (finas hierbas - apio - natural - especias) x 70 grs D. Singh,$4.500,
,Sales gourmet saborizadas Shio x 200 grs,$5.700,
,sazon completa 70gr,$6.300,
,sazon completa 155gr,$11.500,
33 - SEMILLAS,,$ por 100 grs ,
,Amapola azul (Turquia),$2.100,
,Amaranto semilla,$1.300,
,Anis en grano,$1.800,
,Cafe verde,$1.130,
,Chía,$1.100,
,Chía triturada,$1.140,
,Cous cous,$1.600,
,Girasol (sin cascara),$700,
,Hinojo,$1.500,
,Lino,$400,
,Lino molido,$360,
,Mijo pelado,$500,
,Mix de semillas,$650,
,mix 3 quinoas,$850,
,Psyllium semilla,$2.900,
,Psyllium molido,$6.500,
,Quinoa Blanca ,$1.600,
,Quinoa real,$1.350,
,quinoa roja,$1.450,
,quinoa negra,$1.450,
,Sesamo Blanco ,$1.500,
,Sésamo  integral,$700,
,Sésamo Negro ,$1.650,
,Trigo Sarraceno ,$560,
,Zapallo ,$2.500,
34 - SNACKS,,$ por unidad,
,"crackers shiva carbon vegetal, illas, pimenton ahumado",$3.200,
,"crackers shiva mediterraneas,quinoa, sarraceno",$4.000,
,alamadre  chips cebolla,$3.000,
,al madre chips jalapeño,$3.000,
,alamadre chips original ,$3.000,
,alamadre chips tomate ,$3.000,
,alamadre pitachips curcuma,$3.000,
,alamadre snack rawmesan y remolacha,$4.200,
,alamadre snack sesamo y sal ,$2.800,
,alamadre snack tomate ,$2.800,
,alamadre thins  tradicional ,$3.900,
,alamadre thins sesamo y sal,$3.900,
,alamadre thins rawmesan y remolacha ,$5.400,
,alamadre thins tomate y romero ,$5.400,
,tostadas quinoores  de arroz,$1.100,
,tostadad quinoores de arroz y lupino,$1.000,
,tortilla chips - raices batata y remolacha quinoores,$1.250,
,yukitas mandioca quinoores,,
,batatas con sal marina,,
,batatas merken quinoores,,
,papas con pimienta negra nuestros sabores,$1.450,
,Papas fritas gauchitas andinas,$3.200,
,papas fritas gauchitas con sal marina,$3.000,
,papas fritas gauchitas con aceite zuelo,$3.800,
,snack alwa papas,$1.400,
,snacks alwa batatas,$1.200,
"35 - SNACKS, GOLOSINAS Y CEREALES SIN TACC ",,$ por unidad,
,Alfajores Celienergy,$1.800,
,alfajor amadda,$2.100,
,arbanit cubanitos,$1.300,
,arbanit alfajor,$1.800,
,Alfajores Cerro Azul comunes ,$1.700,
,Alfajores Cerro Azul sin azúcar ,$1.900,
,alfajores angiola,$1.600,
,alfajores danteli alfajor tripe,$1.900,
,alfajores danteli choc negro y ,$1.050,
,alfajor dantelli chocolate blanco con dulce de leche,$1.600,
,alfajores danteli dulce de avellanas y cafe,$1.900,
,alfajores danteli con frutilla ,$1.600,
,alfajores danteli harina de alm. y ,$1.600,
,alfajores danteli pasta de avellanas,$1.600,
,alfajores danteli  con frutilla,$1.150,
,alfajor dantelli mini  de maicena ,$1.600,
,dantelli horus rellenas,$1.600,
,delicel alfajor maicena,$1.200,
,Alfajor day by day blanco protein ,$2.300,
,alfajor day by day negro con frutos del bosque,$1.800,
,alfajor day by day choco negro,$2.600,
,alfajor day by day choco blancp,$2.600,
,Alfajores don Felix,$2.000,
,alfajor doña magdalena ,$1.950,
,caramelos ICY,$2.500,
,chocoarroz,$610,
,barrita beauty bar ,$2.600,
,barrita crudda,$2.800,
,barritas diabla,$2.400,
,barrita iron bar,$3.000,
,Barritas mudra,$1.050,
,barrita laddubar protein ,$2.900,
,barrita laddubar,$1.500,
,barrita laddubar gold,$1.750,
,barrita lowcarb ,$3.900,
,barritas notco,$2.400,
,barrita pistacho Be Yoy,$3.500,
,barrita gentech veggie,$2.900,
,barrita johnny's,$1.600,
,"barrita merlin bars natural, de coco y de manzana",$1.700,
,barrita merlin bars protein,$2.500,
,barrita vitalgy,$1.500,
,barrita vitalgy proteina ,$1.800,
,Bocaditos wow,$1.200,
,barrita zanna's,$1.600,
,barrita zafran arandano - doble chocolate - mani y miel,$1.700,
,barrita zafran manzana - caju y zapallo,$1.400,
,benot barrita chocolate 70%,$1.800,
,benot chocolate con frutos rojos y crocante,$1.600,
,benot bombon relleno de frutos rojos,$1.200,
,benot bombon relleno de coco,$1.200,
,billiken (moritas-animalitos-ositos-ositos acidos-terror-pastillas),$800,
,billiken (huevos-dientitos),$1.200,
,boutique chips,$3.700,
,Bolitas crocantes Julicroc de colores,$1.060,
,Bombon de fruta gancel,$350,
,bombones de fruta cerro azul,$400,
,bombones de fruta gancel,$300,
,Bolitas de chocolate julicroc,$180,
,cormillot mix traful,$1.000,
,cormillot mix energía ,$1.300,
,cormillot m8x power,$1.500,
,dantelli cookies naranja,$1.600,
,dantelli barrita almendras ,$1.800,
,dantelli barrita mani,$1.400,
,del turista chocolates todos,$9.900,
,dr cacao chocolate 70% almendras y coco,$10.900,
,dr cacao chocolate 70% sin azúcar ,$10.900,
,dr cacao chocolate 80%,$12.500,
,dr cacao chocolate 100%,$13.900,
,el quebradeño,$1.200,
,franks alfajor chocolate,$2.300,
,franks alfajor limon,$1.900,
,frabks alfajor frutilla,$1.900,
,galletita dantelli de limon,$1.100,
,mani tostado julicroc,$870,
,marlom's popcorn&tortazas pochoclos ,$2.400,
,nuestros sabores batata,$2.200,
,nuestros sabores papas,$2.200,
,nuestros sabores remolacha y batata,$2.500,
,nuestros sabores tostaditas babaganush,$1.400,
,nuestros sabores tostaditas tomate lima y cilantro,$1.300,
,Palitos de maiz de queso - Julicroc x 65 grs,$1.300,
,batatas fritas julicroc 90grs,$2.300,
,Papas fritas cibullete/ chedar Julicroc x 70grs,$2.000,
,papas fritas asado julicroc,$1.620,
,Papas fritas Julicroc 70 grs,$2.000,
,pita chips ,$2.200,
,pochoclos organicos con sal marina,$1.150,
,pochoclos organicos dulces,$1.700,
,pochoclos organicos sweet & salty,$1.700,
,pochoclos organicos,$1.700,
,Tutucas julicroc,$1.800,
,Turrones Billiken ,$350,
36 - TOSTADAS Y GRISINES,,$ por unidad,
,Discos de arroz  Dhum Crack,$1.350,
,galletas de arroz Arrocitas,$1.900,
,"tostadas arroz arrocitas sin sal y minis sabor carameln, etc",$1.900,
,arrocitas macrobiotas,$1.800,
,tostadas arrocitas choco blanco,$1.850,
,tostadas arrocitas choco con leche,$1.850,
,Tostadas Riera 100% integrales,$2.700,
,tostadas riera 7 .,$2.700,
,Tostadas Riera les light y de mesa,$2.700,
,Tostada de arroz con sal Risky Dit x 150 grs,$2.500,
,Tostada de arroz ce Risky Dit x 150 grs,,
,Tostada de arroz sin sal Risky Dit x 150 grs,,
,Tostada manieri  equilibrio,$2.500,
,Tostadas Manieri Light,$2.500,
,Tostadas Manieri Salvado -saladas - sin sal - ces,$2.000,
,tostada leiva,$2.200,
,carilo grisin,$2.900,
37 - VARIOS,,$ por unidad ,
,agar agar ,3000,
,agua de mar x1lt,6900,
,agua de mar x2lt,12500,
,agua de mar pranamar x5lt,17900,
,agua de mar pranamar 1lt,7600,
,agua de mar pranamar 500ml,5900,
,Aceitunas verdes con carozo sueltas,1800 0 x 100 grs ,
,aceitunas verdes en salmuera laur,4900,
,aceitunas verdes en salmuera con relleno de morron laur,7900,
,aceitunas verdes en salmuera con carozo,3900,
,aceitunas verdes naturales cristo de los cerros 350 grs,5400,
,aceitunas verdes cristo de los cerros 600/400 grs,7500,
,aceitunas scarcciata,4350,
,Algas nory (para sushi) x6,12900,
,algas nory x12,21900,
,algas nori partidas,4500,
,Arroz Koshi,$380 x 100 grs,$3800 x kilo 
,babaganush receta de entonces,5600,
,beepure cerveza artesanal,3800,
,bivalvia pate de mar,6200,
,bivalvia pate de salmon rosado,7900,
,bivalvia pulpo en aceite,18900,
,bivalvia pate de langostino,7200,
,bivalvia calamares en aceite,7200,
,berenjenas en escabeches,6500,
,caffetino capsulas reutilizables,15900,
,Caldo de verduras - Caldiet,$1.900,
,cacao nibs ,$18.900,
,cacao nibs dr cacao,$32.900,
,Caldo light verduras Suelto SIN SAL ,$740 x 100 grs,$7380 x kilo
,cristo de los cerros chucrut,5900,
,cristo de los cerros tomates enteros perita pelados,7900,
,cristo de los cerros tomate triturado,4700,
,fruch chips manzana horneados,2100,
,el cosito del mate,13900,
,Estirilla Bambu para Sushi,$8.900,
,Esparragos verdes al natural cristo de los cerros x310gr,$8.900,
,Esparragos verdes al natural cristo de los cerros x800gr,$16.400,
,garbanzos cristo de los cerros,$4.100,
,Gelatinas Diet kontrol (arandanos - Cerezas - Frutas tropicales),$2.170,
,Gelatina ravana comun,$1.180,
,Ggelatina ravana light,$1.180,
,Goma Xantica x 50 grs,$6.600,
,Goma Xantica procal,$5.400,
,Goma Xantica x 50 grs frasquito,$3.900,
,Ggoma xantica suelta,$5100 x 100 grs,
,hummus garbanzos pampa gourmet ,$4.900,
,hummus instantaneo granix,$1.900,
,hummus recetas de entonces,$5.600,
,jarabe de arce ,$20.900,
,natier agua viva fruta deshidratadas ,$11.900,
,Levadura alimenticia - Mama teresa,$4300 x 100 grs ,$43000 x kilo
,"Levadura de queso - Nutrileva , manzana",$13.300,
,Levadura Levex x dos sobres,$1.700,
,Levadura natural - Nutrileva,$10.500,
,Levadura pote titan x 200 grs,$16.500,
,mayonesa organica pampa gourmet ,$7.500,
,one two fit avena cream de chocolate ,$9.900,
,one two fit avena cream de vainilla ,$8.900,
,one two fit premezcla pan de mani,$3.900,
,one two fit premezcla panqueque de cacao ,$6.400,
,one two fit premezcla pan keto,$4.900,
,one two fit premezcla panqueque vainilla,$6.900,
,one two fit premezcla wrap espinaca ,$7.900,
,one two fit premezcla panqueque keto vainillas ,990.00,
,one two fit premezcla panqueque keto cacao,$9.900,
,one two fit premezcla panqueque con stevia,$7.500,
,one two fit postre keto de cacao,$5.500,
,origen chubut TODOS,$5.900,
,pesto organico pampa gourmet ,$9.700,
,pasta de ajo picante,$3.000,
,PApel de arroz,$12.400,
,Panko Japones x 200 grs,$5.500,
,Panko Japones x 500 grs,$2.010,
,pesto de kale,$7.200,
,pepinillos en vinagre cristo de los cerros ,$8.900,
,pickles mixtos,$4.100,
,Salsa blanca knorr,750 x 100 grs,5800 paq
,salsa teriyaki con vino torrontes pampa gourmet,$6.900,
,salsa de mostaza y miel pampa gourmet,$5.500,
,tahine recetas de entonces ,$10.500,
,tomates secos condimentado recetas de entonces,$9.900,
,tomate triturado pampa gourmet,$8.900,
,Wassabi ,$1.300,
,pulpo en escabeche,$11.100,
,pulpo en aceite,$14.500,
,,,
,,$ por 100 grs ,
,Cloruro de Magnesio,$2.900,
,Polen Los dos Zanganos,$3.100,
,Gelatinas sin sabor (suelta),$3.800,
,Levadura fresca,$1.200,
38 - VARIOS SIN TACC,,$ por unidad,
,Polvo de hornear x 50 grs,$2.400,
,bio avena tradicional,$7.500,
,cumana avena y harina de avena,$3.800,
,cumana girasol,$1.700,
,cumana mix frutos pasas,$26.900,
,cumana almendras,$11.500,
,cumana ,$1.700,
,cumana semilla ensalada ,$2.500,
,cumana  avellana ,$8.900,
,cumana caju,$4.900,
,cumana mix frutos secos,$7.500,
,cumana   lino,$1.400,
,cumana banana,$2.200,
,cumana  quinoa,$2.700,
,cumana harina de almendras con piel,$33.900,
,cumana harina de almendras sin piel,$43.900,
,cacao en polvo oh yeah 400gr,$18.500,
,colabella clara de huevo pasteurizada ,$17.900,
,dicomere mascabo,$3.150,
,dicomere text garbanzo,$3.700,
,frunch manzanas deshidratadas,$3.208,
,lyna sirope de datil,$9.300,
,,,
,milagros del sol dulce de leche baileys,$7.900,
,milagros del sol dulce de leche marroc,$7.900,
,milagros del sol dulce de leche pistacho ,$7.900,
,milagros del sol dulce de leche chocolate ,$7.900,
,nacatto panko,$4.500,
,nuez moscafa,$2.200,
,,$4.300,
,,$2.800,
,,$4.900,
,,$3.900,
,,$2.900,
,,$5.900,
,,$4.000,
,mayana gelatina sin sabor,$4.200,
,nutra seed mix ensaladas y sopas,$4.300,
,nutra seed multisemillas,$2.800,
,nutra seed multifrutos x200gr,$4.900,
,nutra seed  y alfalfa molida,$3.900,
,nutra seed harina almendras,$8.900,
,nutra seed nutrimix x250gr,$4.000,
,nutra seed sesamo molido ,$2.900,
,polvo para hornear x 200 grs,$4.450,
,yarnay polvo para hornear,$900,
,yarnay gelatina sin sabor,$2.900,
,yarnay coco,$1.400,
,yarnay bicarbonato,$900,
,yarnay goma xatica,$2.900,
,yarnay esencia vainilla ,$1.350,
,yarnay canela ,$1.200,
,yarnay esencia pan dulces ,$1.000,
,yarnay esencia azahar ,$1.200,
,HELADERA,,
,queso finlandia 180gr,3700,
,dulce de leche clásico 400gr,3800,
,ricotta semimagra 500gr,4000,
,yogurisimo natural big pot 300gr ,4900,
,yogurisimo batido natural 190gr,3100,
,yogurisimo con granola y con cereales 168gr,4000,
,leche vegetal silk 1 litro almendras ,4900,
,leche proteina,2800,
,crema,3000,
,yogur ser nature con vit 190gr,4800,
,yogur ser protein batido 175gr,3700,
,yogur ser protein batido 190gr,4800,
,manteca ligth 200gr,4400,
,FREEZER,,
,burganas,8900,
,sojitas ,3900,
,conosud champion 400gr,9900,
,conosud campiñon 1kg,22900,